rus0001.jpg,а,абсолют
rus0002.jpg,абсорб,авиа
rus0003.jpg,авиацион,автомобиль
rus0004.jpg,автоном,агропромышленный
rus0005.jpg,агротехника,азарт
rus0006.jpg,азбука,аккорд
rus0007.jpg,аккордеон,алгебр
rus0008.jpg,алгоритм,альманах
rus0009.jpg,альпари,амуниция
rus0010.jpg,амур,андромед
rus0011.jpg,андрюша,антипартийн
rus0012.jpg,антипатич,апоге
rus0013.jpg,апокалип,арен
rus0014.jpg,аренд,аромат
rus0015.jpg,арочный,аспирин
rus0016.jpg,ассамблея,атомн
rus0017.jpg,атомщик,ахромат
rus0018.jpg,ахтерштевень,багeт
rus0019.jpg,багор,бал
rus0020.jpg,балаболка,балов
rus0021.jpg,балочный,бан
rus0022.jpg,баобаб,баррикад
rus0023.jpg,барс,батарея
rus0024.jpg,батенька,бёгать
rus0025.jpg,бегемот,бедств
rus0026.jpg,бедуин,безграничн
rus0027.jpg,безгрешн,безмолв
rus0028.jpg,безмоторный,безрукий
rus0029.jpg,безрыбье,белладонна
rus0030.jpg,беллетрист,бензо
rus0031.jpg,бенилюкс,берцов
rus0032.jpg,бес,беспокоить
rus0033.jpg,беспокой,бессемейный
rus0034.jpg,бессемеровск,бесхитростный
rus0035.jpg,бесхозный,библиофил
rus0036.jpg,библия,бис
rus0037.jpg,бисау,благовоспитанн
rus0038.jpg,благогове,благоразум
rus0039.jpg,благородие,блест
rus0040.jpg,блестк,блинная
rus0041.jpg,блинчатый,бобов
rus0042.jpg,бобр,бодр
rus0043.jpg,боевик,бойкот
rus0044.jpg,бойлер,болеутоляющий
rus0045.jpg,болив,больше
rus0046.jpg,большев,бордо
rus0047.jpg,бордо,борьб
rus0048.jpg,боря,браков
rus0049.jpg,бракодел,бред
rus0050.jpg,бред,брод
rus0051.jpg,бродильный,бросить
rus0052.jpg,броский,брюх
rus0053.jpg,брюхоногие,будущ
rus0054.jpg,будь,булав
rus0055.jpg,буланый,буренка
rus0056.jpg,буреть,буфер
rus0057.jpg,буфет,бывало
rus0058.jpg,бывал,быти
rus0059.jpg,бытность,бюро
rus0060.jpg,бюро,в
rus0061.jpg,в,вагон
rus0062.jpg,вагоновожатый,валить
rus0063.jpg,валиться,варангер-фиорд
rus0064.jpg,варвар,вахта
rus0065.jpg,вахтенн,ввести
rus0066.jpg,ввиду,вдогонку
rus0067.jpg,вдолбить,ведущ
rus0068.jpg,веды,велик
rus0069.jpg,великобритания,вен
rus0070.jpg,венециан,вернее
rus0071.jpg,вернисаж,верст
rus0072.jpg,верстка,вершин
rus0073.jpg,верши,вести
rus0074.jpg,вестибюль,весьма
rus0075.jpg,ветвистый,вечер
rus0076.jpg,вечером,вжимать
rus0077.jpg,вжиться,взвинтить
rus0078.jpg,взвинч,вздуться
rus0079.jpg,вздымать,взрывн
rus0080.jpg,взрывоопасный,вибрировать
rus0081.jpg,вивисекция,видеть
rus0082.jpg,видик,вил
rus0083.jpg,вилла,винчестер
rus0084.jpg,виньетка,вице
rus0085.jpg,вич,вкрутить
rus0086.jpg,вкрутую,власт
rus0087.jpg,влачить,влож
rus0088.jpg,вломиться,внедр
rus0089.jpg,внеевропейский,внимательн
rus0090.jpg,внимать,вовлекать
rus0091.jpg,вовне,водо
rus0092.jpg,водоем,военно-промышленный
rus0093.jpg,военнослужащий,возвести
rus0094.jpg,возвестить,воздух
rus0095.jpg,воздухоплава,возможн
rus0096.jpg,возмужа,возраст
rus0097.jpg,возраста,войти
rus0098.jpg,вок,волн
rus0099.jpg,волнов,волшееб
rus0100.jpg,волынить,вонз
rus0101.jpg,вонь,вопрос
rus0102.jpg,вопросительн,ворот
rus0103.jpg,воротила,воспитан
rus0104.jpg,вооспитанн,воссозд
rus0105.jpg,восставать,восхит
rus0106.jpg,восхищ,вотум
rus0107.jpg,вотчин,вписать
rus0108.jpg,вписывать,впустую
rus0109.jpg,впутать,вращающ
rus0110.jpg,вращение,врем
rus0111.jpg,времяисчисление,всасыв
rus0112.jpg,все,всеобщность
rus0113.jpg,всеобъемлющий,всласть
rus0114.jpg,вслед,вспыхивать
rus0115.jpg,вспышка,встреч
rus0116.jpg,встреч,всяк
rus0117.jpg,всяко,второкурсник
rus0118.jpg,второпях,вчера
rus0119.jpg,вчерне,выборк
rus0120.jpg,выбор,выведение
rus0121.jpg,выведывать,выволочк
rus0122.jpg,выворачивать,выдать
rus0123.jpg,выдаться,выдержанн
rus0124.jpg,выдержать,выехать
rus0125.jpg,выжать,вызов
rus0126.jpg,вызов,выкат
rus0127.jpg,выкатить,выкупить
rus0128.jpg,выкуривать,вымарать
rus0129.jpg,вымарка,вынудить
rus0130.jpg,вынужденн,выпить
rus0131.jpg,выпихивать,выпукл
rus0132.jpg,выпуск,выразить
rus0133.jpg,вырастать,выручать
rus0134.jpg,выручк,высл
rus0135.jpg,выследить,высот
rus0136.jpg,высотн,выстроить
rus0137.jpg,выстудить,вытека
rus0138.jpg,вытереть,вытяну
rus0139.jpg,выуди,вычерпать
rus0140.jpg,вычертить,выясни
rus0141.jpg,выяснять,гаага
rus0142.jpg,гаагск,газифи
rus0143.jpg,газобетон,гамм
rus0144.jpg,гамма,гашение
rus0145.jpg,гашен,генеалогия
rus0146.jpg,генезис,герман
rus0147.jpg,германец,гидравл
rus0148.jpg,гидрант,гир
rus0149.jpg,гисто,глаз
rus0150.jpg,глазастый,глотк
rus0151.jpg,глотнуть,глуш
rus0152.jpg,глушь,гнести
rus0153.jpg,гнет,говор
rus0154.jpg,говори,год
rus0155.jpg,годами,голов
rus0156.jpg,головастик,голос
rus0157.jpg,голосеменные,гомосексуал
rus0158.jpg,гомосексуальный,горбуша
rus0159.jpg,горбушка,горком
rus0160.jpg,горлан,город
rus0161.jpg,городошник,горячить
rus0162.jpg,горячк,гост
rus0163.jpg,государственн,готов
rus0164.jpg,готский,гражданин
rus0165.jpg,гражданка,граничить
rus0166.jpg,гранк,гренландское море
rus0167.jpg,гренок,гриф
rus0168.jpg,гриф,громоздить
rus0169.jpg,громоздкий,гру
rus0170.jpg,груз,грыжа
rus0171.jpg,грыжев,губка
rus0172.jpg,губн,гусл
rus0173.jpg,густеть,дав
rus0174.jpg,даваться,далек
rus0175.jpg,далеко,данны
rus0176.jpg,данн,дать
rus0177.jpg,даться,двер
rus0178.jpg,двести,двойн
rus0179.jpg,двойня,двуспальн
rus0180.jpg,двуство,девиче
rus0181.jpg,деви,дежур
rus0182.jpg,дез,дека
rus0183.jpg,дека,делени
rus0184.jpg,делец,дел
rus0185.jpg,деловит,демагог
rus0186.jpg,демаркационн,деньг
rus0187.jpg,деньжата,деревянн
rus0188.jpg,деревяшка,десант
rus0189.jpg,десерт,детоубий
rus0190.jpg,деточка,деятельн
rus0191.jpg,дж,дивизионный
rus0192.jpg,дивизия,дипломатическ
rus0193.jpg,дипломатичный,диссерт
rus0194.jpg,диссидент,для
rus0195.jpg,дм,добав
rus0196.jpg,добегать,добром
rus0197.jpg,добропорядочн,довес
rus0198.jpg,довести,договорить
rus0199.jpg,договорный,дожить
rus0200.jpg,дожм,докатить
rus0201.jpg,докер,долг
rus0202.jpg,долг,доломать
rus0203.jpg,доломит,домовладелец
rus0204.jpg,домоводство,дописать
rus0205.jpg,допить,доработать
rus0206.jpg,доработка,досад
rus0207.jpg,досаждать,достаточн
rus0208.jpg,достать,достучаться
rus0209.jpg,досуг,дочертить
rus0210.jpg,дочиста,дребезжа
rus0211.jpg,древесин,дровни
rus0212.jpg,дровосек,дружеск
rus0213.jpg,дружественн,дубняк
rus0214.jpg,дубоватый,дурак
rus0215.jpg,дуралей,дух
rus0216.jpg,духан,душераздирающий
rus0217.jpg,душеспасительный,дышать
rus0218.jpg,дышаться,евровидение
rus0219.jpg,европ,единственн
rus0220.jpg,единство,езда
rus0221.jpg,ездить,ерунд
rus0222.jpg,ерш,ехать
rus0223.jpg,ехид,жажд
rus0224.jpg,жакет,жар
rus0225.jpg,жара,же
rus0226.jpg,же,железняк
rus0227.jpg,желез,женя
rus0228.jpg,жердочка,живо
rus0229.jpg,живодер,жизненн
rus0230.jpg,жизнеописание,жиль
rus0231.jpg,жим,жонгл
rus0232.jpg,жоп,за
rus0233.jpg,за,заарендовать
rus0234.jpg,заарканить,забодать
rus0235.jpg,забой,заброси
rus0236.jpg,заброшенн,заварк
rus0237.jpg,заварочный,завести
rus0238.jpg,заве,завладевать
rus0239.jpg,завлекать,завтракать
rus0240.jpg,завтрашн,заглушать
rus0241.jpg,заглушка,загореться
rus0242.jpg,загородить,загубить
rus0243.jpg,загудеть,задержать
rus0244.jpg,задержа,задувать
rus0245.jpg,задувка,зажечь
rus0246.jpg,зажж,заиграть
rus0247.jpg,заиграться,заказной
rus0248.jpg,заказчик,закладка
rus0249.jpg,закладная,заковылять
rus0250.jpg,закодирова,закопать
rus0251.jpg,закопошиться,закрутить
rus0252.jpg,закрутиться,закусить
rus0253.jpg,закусить,залить
rus0254.jpg,залиться,замариновать
rus0255.jpg,замаскированный,заместитель
rus0256.jpg,заместить,зам
rus0257.jpg,замолвить,замучи
rus0258.jpg,замш,заноз
rus0259.jpg,занозить,заостриться
rus0260.jpg,заохать,запахивать
rus0261.jpg,запахиваться,запить
rus0262.jpg,запихать,запороть
rus0263.jpg,запороть,запряги
rus0264.jpg,запряж,заразительн
rus0265.jpg,заразить,зары
rus0266.jpg,зарыться,заселенн
rus0267.jpg,заселить,заснимать
rus0268.jpg,засниму,застопорить
rus0269.jpg,застоя,затаенный
rus0270.jpg,затаивать,затеять
rus0271.jpg,затирать,затрат
rus0272.jpg,затрати,затянуть
rus0273.jpg,затянуть,заход
rus0274.jpg,заходить,зачинить
rus0275.jpg,зачинщик,защитник
rus0276.jpg,защитн,зверолов
rus0277.jpg,звероподобный,здесь
rus0278.jpg,здешний,зело
rus0279.jpg,зелье,зеркальн
rus0280.jpg,зернист,злой
rus0281.jpg,злокачественн,знаком
rus0282.jpg,знаменатель,значени
rus0283.jpg,значим,золоту
rus0284.jpg,золоч,зубец
rus0285.jpg,зубило,ива
rus0286.jpg,иван,игривый
rus0287.jpg,игристый,идти
rus0288.jpg,идущий,из
rus0289.jpg,из,извериваться
rus0290.jpg,извернуться,извод
rus0291.jpg,изводить,издать
rus0292.jpg,издать,изловчи
rus0293.jpg,изложение,измир
rus0294.jpg,изможденный,изображать
rus0295.jpg,изображение,израиль
rus0296.jpg,израильский,изъятие
rus0297.jpg,изъять,именитый
rus0298.jpg,именно,имя
rus0299.jpg,имярек,индивидуальн
rus0300.jpg,индивидуум,иной
rus0301.jpg,инок,интенсивн
rus0302.jpg,интенсифи,инфантильный
rus0303.jpg,инфаркт,иск
rus0304.jpg,искажать,искриви
rus0305.jpg,искривление,исписать
rus0306.jpg,исписывать,использовать
rus0307.jpg,испортить,иссечь
rus0308.jpg,исссиня,истомить
rus0309.jpg,истомленный,истрепать
rus0310.jpg,истрепывать,иуда
rus0311.jpg,иудаизм,кабалистический
rus0312.jpg,кабальн,кадровик
rus0313.jpg,кадров,казус
rus0314.jpg,каин,как
rus0315.jpg,какой-либо,календ
rus0316.jpg,калени,каменн
rus0317.jpg,каменоломня,кандалы
rus0318.jpg,канделябр,кап
rus0319.jpg,капелла,капустник
rus0320.jpg,капустница,кардан
rus0321.jpg,кардинал,картезиан
rus0322.jpg,картель,каса
rus0323.jpg,каска,катать
rus0324.jpg,катафалк,кафедеральный
rus0325.jpg,кафель,кающ
rus0326.jpg,каяться,квинт
rus0327.jpg,квинтет,кизил
rus0328.jpg,кизиль,киношник
rus0329.jpg,киноэкран,кис
rus0330.jpg,кит,класс
rus0331.jpg,классик,клепать
rus0332.jpg,клепка,клокота
rus0333.jpg,клондайк,клясть
rus0334.jpg,клятв,кобе
rus0335.jpg,кобениться,кодекс
rus0336.jpg,кодировать,кокнуть
rus0337.jpg,кокон,коле
rus0338.jpg,коли,колокольчик
rus0339.jpg,коломбо,колхоз
rus0340.jpg,колчан,командн
rus0341.jpg,командование,комитет
rus0342.jpg,комическ,компас
rus0343.jpg,компа,конвейер
rus0344.jpg,конвекция,кон
rus0345.jpg,конечно,консервирова
rus0346.jpg,консервн,контор
rus0347.jpg,конторка,контр
rus0348.jpg,контуженный,кончая
rus0349.jpg,кончено,коопт
rus0350.jpg,координат,копчен
rus0351.jpg,копченья,коридор
rus0352.jpg,коринка,королев
rus0353.jpg,королек,корреспондент
rus0354.jpg,корреспонденция,космическ
rus0355.jpg,космогоническиий,костюм
rus0356.jpg,костюмер,кочевряжиться
rus0357.jpg,кочевье,кра
rus0358.jpg,краи,краснеть
rus0359.jpg,красноарме,креатура
rus0360.jpg,креветка,крепколобый
rus0361.jpg,крепление,кривизн
rus0362.jpg,кривить,кричать
rus0363.jpg,кричащий,крол
rus0364.jpg,крольч,круглосуточн
rus0365.jpg,кругл,круг
rus0366.jpg,крупозн,крыть
rus0367.jpg,крыш,куб
rus0368.jpg,куб,кук
rus0369.jpg,куклуксклан,культтовары
rus0370.jpg,культур,куранты
rus0371.jpg,куратор,курсов
rus0372.jpg,курсы,кучев
rus0373.jpg,кучер,лаглинь
rus0374.jpg,лагос,лаком
rus0375.jpg,лакони,ласков
rus0376.jpg,лассо,левизна
rus0377.jpg,левкой,легче
rus0378.jpg,лед,лезть
rus0379.jpg,лей,ленц
rus0380.jpg,ленч,лесопромышлен
rus0381.jpg,лесоразработки,лечащий
rus0382.jpg,лечебн,лидер
rus0383.jpg,лидировать,лини
rus0384.jpg,линкор,листовк
rus0385.jpg,листов,лихтеровоз
rus0386.jpg,лицевать,лишени
rus0387.jpg,лишен,ловк
rus0388.jpg,ловля,ломан
rus0389.jpg,ломанье,лоскут
rus0390.jpg,лоскут,лукав
rus0391.jpg,луковица,лыжн
rus0392.jpg,лык,любить
rus0393.jpg,любо,люлька
rus0394.jpg,люмбаго,магдалина
rus0395.jpg,магелланов,маз
rus0396.jpg,маис,маленьк
rus0397.jpg,маленько,мало
rus0398.jpg,малопомалу,мамаша
rus0399.jpg,маменьк,мани
rus0400.jpg,мания,маркизскиеострова
rus0401.jpg,маркий,масло
rus0402.jpg,маслянистый,мат
rus0403.jpg,мат,мах
rus0404.jpg,махануть,меблиров
rus0405.jpg,мега,между
rus0406.jpg,между,мелов
rus0407.jpg,мелодекламация,меньше
rus0408.jpg,меньшев,мерить
rus0409.jpg,мерк,мест
rus0410.jpg,местожительство,металлургическ
rus0411.jpg,металлургия,метрическ
rus0412.jpg,метрический,мешка
rus0413.jpg,мешковатый,миленьк
rus0414.jpg,милитар,мин
rus0415.jpg,миналовушка,минут
rus0416.jpg,минутк,мистифи
rus0417.jpg,мист,многи
rus0418.jpg,много,многочлен
rus0419.jpg,многоэтажный,модулировать
rus0420.jpg,модуль,мол
rus0421.jpg,молва,молот
rus0422.jpg,молоти,монгольский
rus0423.jpg,монет,мордв
rus0424.jpg,мордовать,москательн
rus0425.jpg,москва,мочегонн
rus0426.jpg,мочеиспуска,мудрено
rus0427.jpg,мудрен,мультипликационный
rus0428.jpg,мультипликация,мухоловка
rus0429.jpg,мухомор,мысл
rus0430.jpg,мыслящий,мятеж
rus0431.jpg,мятный,на
rus0432.jpg,на,наблюдени
rus0433.jpg,набожн,навед
rus0434.jpg,наведаться,наводнить
rus0435.jpg,наводчик,нагнать
rus0436.jpg,нагнести,нагрузк
rus0437.jpg,нагрянуть,надежн
rus0438.jpg,надел,надобност
rus0439.jpg,надобный,наду
rus0440.jpg,надушенный,нажраться
rus0441.jpg,назавтра,называ
rus0442.jpg,называться,накал
rus0443.jpg,накаленный,наклонность
rus0444.jpg,наклонн,накупать
rus0445.jpg,накурен,налить
rus0446.jpg,налицо,намек
rus0447.jpg,намек,намочить
rus0448.jpg,намсен,напасть
rus0449.jpg,напасть,наполеоновск
rus0450.jpg,наполн,напрасн
rus0451.jpg,напрашиваться,напустить
rus0452.jpg,напута,нарком
rus0453.jpg,наркоман,нарушение
rus0454.jpg,нарушитель,населенн
rus0455.jpg,населить,наслышаться
rus0456.jpg,насмарку,настолько
rus0457.jpg,настольн,наступить
rus0458.jpg,наступить,натолкнуть
rus0459.jpg,натолочь,наушники
rus0460.jpg,наушничать,начал
rus0461.jpg,начальник,начиха
rus0462.jpg,начищать,небезопасный
rus0463.jpg,небезосновательный,неважн
rus0464.jpg,невдалеке,невнимани
rus0465.jpg,невнимательн,невыделанный
rus0466.jpg,невыдержанн,недалек
rus0467.jpg,недалеко,недогрузка
rus0468.jpg,недодавать,недостат
rus0469.jpg,недостаточн,нежизненный
rus0470.jpg,нежизнеспособн,незащищенный
rus0471.jpg,незван,неистов
rus0472.jpg,неистощим,неладн
rus0473.jpg,нелад,немеркнущий
rus0474.jpg,неметаллы,ненасытн
rus0475.jpg,ненасыщенный,неодолимый
rus0476.jpg,неодушевленн,неотдел
rus0477.jpg,неотесанный,неподвижн
rus0478.jpg,неподготовленный,непостоянство
rus0479.jpg,непотизм,непригодн
rus0480.jpg,неприемлем,непродуктивн
rus0481.jpg,непродуманный,неразгаданный
rus0482.jpg,неразговорчив,неритмичн
rus0483.jpg,нерка,несметн
rus0484.jpg,несмолкаемыхй,нестандартный
rus0485.jpg,нестерпим,нет
rus0486.jpg,нетактичн,неудобн
rus0487.jpg,неудобо,неустойчив
rus0488.jpg,неустранимый,нечеловеч
rus0489.jpg,нечем,нивелир
rus0490.jpg,нигде,низко
rus0491.jpg,низлагать,нипочем
rus0492.jpg,ниппель,ниша
rus0493.jpg,нищать,новшество
rus0494.jpg,новыегебриды,ножницы
rus0495.jpg,ножн,норков
rus0496.jpg,норм,ностальгия
rus0497.jpg,нот,ну
rus0498.jpg,нуакшот,ньюфаундленд
rus0499.jpg,ньюфаундленд,обвал
rus0500.jpg,обваливать,обгладывать
rus0501.jpg,обгон,обезлес
rus0502.jpg,обезличение,обесславить
rus0503.jpg,обессмертить,обидн
rus0504.jpg,обидчив,облак
rus0505.jpg,обламывать,облечь
rus0506.jpg,облечь,обломить
rus0507.jpg,обломовщина,обмести
rus0508.jpg,обметать,обнаружить
rus0509.jpg,обнес,обоготвор
rus0510.jpg,обогрев,обойти
rus0511.jpg,обойтись,оборот
rus0512.jpg,оборотень,образ
rus0513.jpg,образ,обратиться
rus0514.jpg,обратно,обретаться
rus0515.jpg,обреченн,обслуживани
rus0516.jpg,обслужива,обтаивать
rus0517.jpg,обтачивать,обходить
rus0518.jpg,обходиться,общественн
rus0519.jpg,обществ,объезд
rus0520.jpg,объезжать,обыкновенн
rus0521.jpg,обыск,овладеть
rus0522.jpg,ово,огнеупорн
rus0523.jpg,огниво,ограничени
rus0524.jpg,ограниченн,одетый
rus0525.jpg,одеть,одиночк
rus0526.jpg,одиночн,одно
rus0527.jpg,односельчанин,ожесточ
rus0528.jpg,ожечь,оздоровить
rus0529.jpg,озелен,оказа
rus0530.jpg,оказия,оковывать
rus0531.jpg,околачиваться,окраин
rus0532.jpg,окраси,окрыситься
rus0533.jpg,оксана,олицетвор
rus0534.jpg,олово,опалить
rus0535.jpg,опаловый,опереть
rus0536.jpg,оперирова,опозна
rus0537.jpg,опозорить,оправдать
rus0538.jpg,оправдывать,опрометчив
rus0539.jpg,опрометью,опущение
rus0540.jpg,опущенный,организовать
rus0541.jpg,организовывать,ориентировать
rus0542.jpg,ориентировк,осадить
rus0543.jpg,осадк,освободить
rus0544.jpg,освобождать,осин
rus0545.jpg,осин,ослышаться
rus0546.jpg,осматривать,основатель
rus0547.jpg,основать,оставить
rus0548.jpg,остальн,остат
rus0549.jpg,остаться,остров
rus0550.jpg,острог,осыпаться
rus0551.jpg,осыпь,отбо
rus0552.jpg,отбойный,отвести
rus0553.jpg,ответ,отвлечь
rus0554.jpg,отвод,отдалени
rus0555.jpg,отдаленн,отделение
rus0556.jpg,отделенный,отжать
rus0557.jpg,отжечь,отказаться
rus0558.jpg,отказник,откозырять
rus0559.jpg,отколачивать,открыт
rus0560.jpg,открыть,отлете
rus0561.jpg,отле,отмаха
rus0562.jpg,отмахивать,отмыть
rus0563.jpg,отмычк,отнять
rus0564.jpg,ото,отойти
rus0565.jpg,отоль,отпечата
rus0566.jpg,отпечат,отправн
rus0567.jpg,отпраздновать,отражени
rus0568.jpg,отраженн,отрицательн
rus0569.jpg,отрица,отсель
rus0570.jpg,отсесть,отстегнуть
rus0571.jpg,отстирать,отсчет
rus0572.jpg,отсчитать,отуманить
rus0573.jpg,отупе,отчего
rus0574.jpg,отчеканивать,отшуметь
rus0575.jpg,отшутиться,оханье
rus0576.jpg,оханк,охранять
rus0577.jpg,охрип,очеред
rus0578.jpg,очерк,ошеломляющ
rus0579.jpg,ошельмовать,падать
rus0580.jpg,падающ,палат
rus0581.jpg,палатализ,пальм
rus0582.jpg,пальмира,паник
rus0583.jpg,паникер,пар
rus0584.jpg,парабеллум,парашют
rus0585.jpg,парашютнодесантн,паровозоремонтный
rus0586.jpg,паровозостроительный,парт
rus0587.jpg,парус,пастила
rus0588.jpg,пастись,пауз
rus0589.jpg,паук,пед
rus0590.jpg,педагог,пенсионн
rus0591.jpg,пенси,первопроходец
rus0592.jpg,первопуток,перебежать
rus0593.jpg,перебеж,перебросить
rus0594.jpg,переброска,перевести
rus0595.jpg,перевешать,переврать
rus0596.jpg,перевыбирать,перегорать
rus0597.jpg,перегородить,передать
rus0598.jpg,передаться,переделк
rus0599.jpg,переделывать,пережевать
rus0600.jpg,пережевывать,переизда
rus0601.jpg,переименование,переклеика
rus0602.jpg,перекликаться,перекрест
rus0603.jpg,перекрещенец,перелицевать
rus0604.jpg,перелицов,переменчивый
rus0605.jpg,переменять,перемывать
rus0606.jpg,перемычка,переодеть
rus0607.jpg,переориентировать,переписывать
rus0608.jpg,перепись,перепоручать
rus0609.jpg,перепорхнуть,перерезать
rus0610.jpg,перерезать,пересесть
rus0611.jpg,пересечени,переставить
rus0612.jpg,переставлять,пересылка
rus0613.jpg,пересыльн,переучитывать
rus0614.jpg,переучить,перечислить
rus0615.jpg,перечитать,перлов
rus0616.jpg,перлон,перчат
rus0617.jpg,перчинка,петит
rus0618.jpg,петиция,печата
rus0619.jpg,печатк,пещер
rus0620.jpg,пи,пилорама
rus0621.jpg,пилот,писарь
rus0622.jpg,писатель,питать
rus0623.jpg,питеин,плавк
rus0624.jpg,плавлени,планов
rus0625.jpg,планомерн,платье
rus0626.jpg,платян,пленум
rus0627.jpg,пленять,плиссиров
rus0628.jpg,плита,плотн
rus0629.jpg,плотовод,плюх
rus0630.jpg,плюха,по
rus0631.jpg,по,по
rus0632.jpg,по,поболтать
rus0633.jpg,поболтать,повапленны
rus0634.jpg,повар,повестк
rus0635.jpg,повесть,поворотливый
rus0636.jpg,поворотный,поганить
rus0637.jpg,поганка,погоревать
rus0638.jpg,погорелец,под
rus0639.jpg,под,подагр
rus0640.jpg,подальше,подбить
rus0641.jpg,подбодрить,подвес
rus0642.jpg,подвести,подгадить
rus0643.jpg,подгадывать,поддаться
rus0644.jpg,поддевать,подерну
rus0645.jpg,подешеветь,подкинуть
rus0646.jpg,подкладк,подку
rus0647.jpg,подкузьмить,подмаренник
rus0648.jpg,подмастерье,поднима
rus0649.jpg,подними,подняться
rus0650.jpg,подо,пододеяльник
rus0651.jpg,подожг,подотдел
rus0652.jpg,подоткнуть,подполье
rus0653.jpg,подпольн,подробн
rus0654.jpg,подровнять,подсидеть
rus0655.jpg,подсижива,подстегнуть
rus0656.jpg,подстел,подталкивать
rus0657.jpg,подтапливать,подучить
rus0658.jpg,подушечка,подшипник
rus0659.jpg,подшить,поездн
rus0660.jpg,поезжаи,пожил
rus0661.jpg,пожимать,поздн
rus0662.jpg,поздно,поименовать
rus0663.jpg,поимка,показать
rus0664.jpg,показа,покладая
rus0665.jpg,покладистый,покорить
rus0666.jpg,покормить,покрыть
rus0667.jpg,покрышк,полгода
rus0668.jpg,полгоря,полет
rus0669.jpg,полетать,полированный
rus0670.jpg,полировать,поллитр
rus0671.jpg,поллукс,полн
rus0672.jpg,полнымполно,положенн
rus0673.jpg,положено,полотн
rus0674.jpg,полотнят,полулитровый
rus0675.jpg,полумаска,получить
rus0676.jpg,получи,полюб
rus0677.jpg,полюбовн,помет
rus0678.jpg,помет,помоему
rus0679.jpg,помо,помянуть
rus0680.jpg,помят,понимани
rus0681.jpg,понима,поостеречься
rus0682.jpg,поотцовскии,попечитель
rus0683.jpg,попивать,поправить
rus0684.jpg,поправк,пор
rus0685.jpg,поработа,порица
rus0686.jpg,порка,порсгрунн
rus0687.jpg,порт,порук
rus0688.jpg,порусски,поряд
rus0689.jpg,порядочн,поселить
rus0690.jpg,поселковый,послевоенн
rus0691.jpg,послед,посмешище
rus0692.jpg,посмеяться,посредств
rus0693.jpg,посредством,постоялый
rus0694.jpg,постоянн,поступь
rus0695.jpg,постучать,потенциал
rus0696.jpg,потенциальн,потому
rus0697.jpg,потонуть,потупить
rus0698.jpg,потуплять,походн
rus0699.jpg,походя,почет
rus0700.jpg,почечнокаменн,почудиться
rus0701.jpg,почуять,поэтичн
rus0702.jpg,поэтому,правил
rus0703.jpg,правильн,прав
rus0704.jpg,право,празднова
rus0705.jpg,празднословие,превзойти
rus0706.jpg,превозмогать,предани
rus0707.jpg,преданн,предел
rus0708.jpg,предельн,преднамеренн
rus0709.jpg,предначерта,предпоследний
rus0710.jpg,предпосылать,представительство
rus0711.jpg,представить,предупреждени
rus0712.jpg,предусматрива,преимуществ
rus0713.jpg,преисподняя,премину
rus0714.jpg,премирова,преодоле
rus0715.jpg,преодолимый,пресловут
rus0716.jpg,пресмыкаться,претенциозн
rus0717.jpg,претерит,прибавить
rus0718.jpg,прибави,приборист
rus0719.jpg,приборка,привести
rus0720.jpg,приве,привлечь
rus0721.jpg,привнести,привязчив
rus0722.jpg,привязывать,приготовить
rus0723.jpg,приготовлени,придыха
rus0724.jpg,приед,призвать
rus0725.jpg,приземист,приискать
rus0726.jpg,приискивать,прикидка
rus0727.jpg,прикидывать,прикрыти
rus0728.jpg,прикрыть,приличн
rus0729.jpg,приложени,примерять
rus0730.jpg,примесь,принадлежнос
rus0731.jpg,приналечь,принят
rus0732.jpg,принять,приобщи
rus0733.jpg,приодеть,приплатить
rus0734.jpg,приплести,природ
rus0735.jpg,природовед,присмотр
rus0736.jpg,присмотреть,приста
rus0737.jpg,пристегать,присутстви
rus0738.jpg,присутствова,притопывать
rus0739.jpg,приторачивать,прихлопнуть
rus0740.jpg,прихлыну,причем
rus0741.jpg,причесать,приятн
rus0742.jpg,про,проби
rus0743.jpg,пробк,пробужд
rus0744.jpg,пробуксов,провернуть
rus0745.jpg,проверочн,провозвестник
rus0746.jpg,провозвещать,проговори
rus0747.jpg,проголодать,продаж
rus0748.jpg,продалбливать,продолжа
rus0749.jpg,продолжение,проезж
rus0750.jpg,проект,прожить
rus0751.jpg,прожорлив,производитель
rus0752.jpg,производительн,происшеств
rus0753.jpg,пройд,прокатить
rus0754.jpg,прокатиться,прокт
rus0755.jpg,прокуратура,промахиваться
rus0756.jpg,промачивать,промыть
rus0757.jpg,промышленник,проноситься
rus0758.jpg,пронумеровать,пропись
rus0759.jpg,пропитание,пропусти
rus0760.jpg,пропутешествовать,прорицатель
rus0761.jpg,прорицать,просидеть
rus0762.jpg,просиж,просмотр
rus0763.jpg,просмотреть,прост
rus0764.jpg,простой,просуществовать
rus0765.jpg,просфора,против
rus0766.jpg,противень,противореч
rus0767.jpg,противореч,протяжн
rus0768.jpg,протянут,профтех
rus0769.jpg,прохаживаться,проч
rus0770.jpg,прочерк,проявить
rus0771.jpg,проявлени,прямиком
rus0772.jpg,прямо,психическ
rus0773.jpg,психо,пузы
rus0774.jpg,пук,пусти
rus0775.jpg,пуститься,пусть
rus0776.jpg,пустяк,путн
rus0777.jpg,путч,пхнуть
rus0778.jpg,пчела,пьянство
rus0779.jpg,пьянчуга,пятнашка
rus0780.jpg,пятнашки,работа
rus0781.jpg,работенка,равнодуш
rus0782.jpg,равнознач,радио
rus0783.jpg,радиола,раз
rus0784.jpg,раз,разбой
rus0785.jpg,разболеться,разварить
rus0786.jpg,разве,разверстать
rus0787.jpg,разверстка,развить
rus0788.jpg,развлекательн,развязать
rus0789.jpg,развязк,разговори
rus0790.jpg,разговорн,раздаривать
rus0791.jpg,раздаточн,раздеть
rus0792.jpg,раздира,разду
rus0793.jpg,разевать,разлетаться
rus0794.jpg,разлечься,разлом
rus0795.jpg,разломать,размер
rus0796.jpg,размеренн,размыв
rus0797.jpg,размывать,разнообраз
rus0798.jpg,разно,разобра
rus0799.jpg,разобщать,разойтись
rus0800.jpg,разок,разработать
rus0801.jpg,разработк,разрубать
rus0802.jpg,разругать,разуверить
rus0803.jpg,разуверять,разъясни
rus0804.jpg,разъясниться,раков
rus0805.jpg,раком,раскалить
rus0806.jpg,раскалыва,расклепать
rus0807.jpg,расклешенн,раскрыть
rus0808.jpg,раскры,распереть
rus0809.jpg,распетушиться,расплыться
rus0810.jpg,расплющивать,распоряжени
rus0811.jpg,распоясаться,распространить
rus0812.jpg,распространять,рассвета
rus0813.jpg,рассвирепеть,рассмотрени
rus0814.jpg,рассмотреть,расстроенн
rus0815.jpg,расстроить,рассыпать
rus0816.jpg,рассыпаться,растительност
rus0817.jpg,растительн,растрога
rus0818.jpg,раструб,расходова
rus0819.jpg,расхождение,расчет
rus0820.jpg,расчетлив,расшнурова
rus0821.jpg,расшуметься,реабилит
rus0822.jpg,реагент,ревматик
rus0823.jpg,ревматический,редакци
rus0824.jpg,реде,резервн
rus0825.jpg,резервуар,реквием
rus0826.jpg,реквизировать,ремонт
rus0827.jpg,ренегат,ретив
rus0828.jpg,ретина,реша
rus0829.jpg,решающ,рижскийзалив
rus0830.jpg,риз,рифмач
rus0831.jpg,рифмованн,родим
rus0832.jpg,родин,родств
rus0833.jpg,род,рокот
rus0834.jpg,рокфор,рослый
rus0835.jpg,росомаха,рубашк
rus0836.jpg,рубеж,рук
rus0837.jpg,рукав,руководить
rus0838.jpg,руководств,руны
rus0839.jpg,рупия,рыбнадзор
rus0840.jpg,рыбн,рьюкан
rus0841.jpg,рьяный,с
rus0842.jpg,с,с
rus0843.jpg,с,саженн
rus0844.jpg,сажень,самоа
rus0845.jpg,самоанализ,само
rus0846.jpg,самолюбование,самоубий
rus0847.jpg,самоуважение,санитар
rus0848.jpg,санитария,саркофаг
rus0849.jpg,сарматы,сбивчивый
rus0850.jpg,сбит,сборк
rus0851.jpg,сборн,свалить
rus0852.jpg,свалк,свеж
rus0853.jpg,свежо,сверну
rus0854.jpg,сверстать,свести
rus0855.jpg,свет,светов
rus0856.jpg,светозащитн,свинцов
rus0857.jpg,свинчивать,свобод
rus0858.jpg,свободо,сволочь
rus0859.jpg,сволочь,связ
rus0860.jpg,святейшество,сгоня
rus0861.jpg,сгорани,сдать
rus0862.jpg,сдаться,сеато
rus0863.jpg,себе,седьм
rus0864.jpg,сезам,секунд
rus0865.jpg,секундант,семестр
rus0866.jpg,семечк,сень
rus0867.jpg,сенья,серебрян
rus0868.jpg,серега,сесть
rus0869.jpg,сетев,сжать
rus0870.jpg,сжаться,сид
rus0871.jpg,сиденье,сил
rus0872.jpg,силами,синагога
rus0873.jpg,синай,систем
rus0874.jpg,систематиз,сказк
rus0875.jpg,сказочн,скачк
rus0876.jpg,скачками,скита
rus0877.jpg,скиф,склочн
rus0878.jpg,склю,сколько
rus0879.jpg,скольконибудь,скороспел
rus0880.jpg,скоростн,скрепка
rus0881.jpg,скреплять,скрыть
rus0882.jpg,скрюченный,слабе
rus0883.jpg,слабин,славянофи
rus0884.jpg,славян,следить
rus0885.jpg,следить,слез
rus0886.jpg,слезливый,слить
rus0887.jpg,сличать,слов
rus0888.jpg,слово,сложи
rus0889.jpg,сложноподчиненн,служб
rus0890.jpg,службист,случа
rus0891.jpg,случайно,слыш
rus0892.jpg,слышим,смалодушничать
rus0893.jpg,смальта,сменяемый
rus0894.jpg,сменять,сметать
rus0895.jpg,сметать,смирн
rus0896.jpg,смирять,смотреть
rus0897.jpg,смотрины,смысл
rus0898.jpg,смыслить,снаряд
rus0899.jpg,снарядить,снизойти
rus0900.jpg,снизу,снятие
rus0901.jpg,снят,собеседни
rus0902.jpg,собеседование,собрат
rus0903.jpg,собрать,собственн
rus0904.jpg,собутыльник,совершиться
rus0905.jpg,совести,совместитель
rus0906.jpg,совместить,совсем
rus0907.jpg,совхоз,соглашатель
rus0908.jpg,соглашаться,содержимое
rus0909.jpg,содея,сожрать
rus0910.jpg,созваниваться,созревани
rus0911.jpg,созревать,сократить
rus0912.jpg,сокращать,солидн
rus0913.jpg,солидол,солян
rus0914.jpg,солянокисл,соображени
rus0915.jpg,сообразительн,соответстви
rus0916.jpg,соответств,сопровожд
rus0917.jpg,сопромат,соревновани
rus0918.jpg,соревноваться,сосисочн
rus0919.jpg,соска,состав
rus0920.jpg,составитель,состричь
rus0921.jpg,сострогать,сохн
rus0922.jpg,сохранени,социо
rus0923.jpg,соцобязательство,союз
rus0924.jpg,союз,спасибо
rus0925.jpg,спаситель,спех
rus0926.jpg,спец,спиваться
rus0927.jpg,спившийся,сплести
rus0928.jpg,сплетать,спокойн
rus0929.jpg,спокоистви,способн
rus0930.jpg,способствовать,спросить
rus0931.jpg,спросонок,спустить
rus0932.jpg,спустя,сработанный
rus0933.jpg,сработать,сребреник
rus0934.jpg,сребро,средств
rus0935.jpg,средь,срубать
rus0936.jpg,срыв,стабилизирова
rus0937.jpg,стабилизовать,ставк
rus0938.jpg,ставленник,стани
rus0939.jpg,станко,старин
rus0940.jpg,старинк,старшеклассник
rus0941.jpg,старшекурсник,стать
rus0942.jpg,стать,стаханов
rus0943.jpg,стационар,стекло
rus0944.jpg,стеклышко,степенный
rus0945.jpg,степен,стерили
rus0946.jpg,стерильн,стилист
rus0947.jpg,стил,сто
rus0948.jpg,сто,стойк
rus0949.jpg,стойкий,столкнуть
rus0950.jpg,столковаться,стоптать
rus0951.jpg,стопудовый,сторони
rus0952.jpg,сторонк,стоять
rus0953.jpg,сто,странн
rus0954.jpg,странств,страховка
rus0955.jpg,страхов,стрелять
rus0956.jpg,стрем,строг
rus0957.jpg,строев,строи
rus0958.jpg,строиться,струйный
rus0959.jpg,структура,стул
rus0960.jpg,стульчак,стын
rus0961.jpg,стырить,суд
rus0962.jpg,судак,судорожн
rus0963.jpg,судостроение,сули
rus0964.jpg,сулитьельма,сунуть
rus0965.jpg,суп,суть
rus0966.jpg,сутя,сушь
rus0967.jpg,существенн,схем
rus0968.jpg,схемат,счасть
rus0969.jpg,счесть,счетчик
rus0970.jpg,счеты,съезжать
rus0971.jpg,съезжу,сыпуч
rus0972.jpg,сыпь,та
rus0973.jpg,табак,тайн
rus0974.jpg,тайник,так
rus0975.jpg,такойсякой,тамошн
rus0976.jpg,тампере,таска
rus0977.jpg,таскаться,тверд
rus0978.jpg,твердыня,текущ
rus0979.jpg,тел,тел
rus0980.jpg,тело,температур
rus0981.jpg,темь,теплотворн
rus0982.jpg,теплотехн,терпеть
rus0983.jpg,терпим,тест
rus0984.jpg,тестообразный,тешить
rus0985.jpg,теща,тих
rus0986.jpg,тихийокеан,то
rus0987.jpg,тобишь,токсиичн
rus0988.jpg,тол,толсто
rus0989.jpg,толстуха,тон
rus0990.jpg,тональность,топлен
rus0991.jpg,топливн,торец
rus0992.jpg,торжественн,торч
rus0993.jpg,торчком,точило
rus0994.jpg,точиль,тошнот
rus0995.jpg,тошнотворный,традици
rus0996.jpg,траектория,транспортн
rus0997.jpg,трансуран,требовать
rus0998.jpg,требуха,трепаль
rus0999.jpg,трепанация,треугольн
rus1000.jpg,трефа,триод
rus1001.jpg,триполи,тростник
rus1002.jpg,тросточка,трудновоспитуем
rus1003.jpg,трудно,тряпичн
rus1004.jpg,тряпка,тудасюда
rus1005.jpg,туже,турбореактивный
rus1006.jpg,турбостроение,тщательн
rus1007.jpg,тщедуш,тюк
rus1008.jpg,тюкать,тяжеловесе
rus1009.jpg,тяжеловодный,тяпка
rus1010.jpg,тяпляп,убеленный
rus1011.jpg,убер,убрать
rus1012.jpg,убуд,уверен
rus1013.jpg,уверить,увлечь
rus1014.jpg,увод,угле
rus1015.jpg,углерод,угол
rus1016.jpg,уголовн,угощение
rus1017.jpg,угр,удари
rus1018.jpg,удари,удержать
rus1019.jpg,удерживать,удовлетворить
rus1020.jpg,удовлетворять,уедин
rus1021.jpg,уезд,узел
rus1022.jpg,узел,уйти
rus1023.jpg,указ,уклониться
rus1024.jpg,уклончив,укрупнить
rus1025.jpg,укрупнять,уложить
rus1026.jpg,уломать,ум
rus1027.jpg,ум,умилостивить
rus1028.jpg,умилостивлять,умчать
rus1029.jpg,умывальн,уничтожить
rus1030.jpg,уния,уплести
rus1031.jpg,уплотнение,управ
rus1032.jpg,управ,упускать
rus1033.jpg,упущение,уроди
rus1034.jpg,уродлив,усесться
rus1035.jpg,усечение,услови
rus1036.jpg,услови,успе
rus1037.jpg,успех,установить
rus1038.jpg,установк,устранять
rus1039.jpg,устраша,усы
rus1040.jpg,усылать,утихать
rus1041.jpg,утихомиривать,утро
rus1042.jpg,утром,ухо
rus1043.jpg,ухогорлонос,участок
rus1044.jpg,участь,учитель
rus1045.jpg,учитыва,уязвим
rus1046.jpg,уязвить,фаланг
rus1047.jpg,фалда,фараон
rus1048.jpg,фарватер,федерация
rus1049.jpg,фединг,фиг
rus1050.jpg,фигляр,фиктивный
rus1051.jpg,фикус,финиш
rus1052.jpg,финка,флейт
rus1053.jpg,флексия,фон
rus1054.jpg,фон,формиров
rus1055.jpg,формовать,фото
rus1056.jpg,фрагмент,фронт
rus1057.jpg,фронтальн,фуфу
rus1058.jpg,фырк,характер
rus1059.jpg,характерн,хвата
rus1060.jpg,хвататься,хилый
rus1061.jpg,хим,хлеб
rus1062.jpg,хлебать,хлопот
rus1063.jpg,хлопотный,ход
rus1064.jpg,ходатай,хозрасчет
rus1065.jpg,хозтовары,холоди
rus1066.jpg,холодно,хороше
rus1067.jpg,хорош,хоть
rus1068.jpg,хотя,хризантема
rus1069.jpg,хрип,хтз
rus1070.jpg,хуанхэ,цапать
rus1071.jpg,цапка,цветок
rus1072.jpg,цветомузыка,це
rus1073.jpg,цельно,ценн
rus1074.jpg,ценообразование,церемони
rus1075.jpg,церемониймейстер,цистерна
rus1076.jpg,цистит,чаевод
rus1077.jpg,чаевы,часов
rus1078.jpg,часов,час
rus1079.jpg,часы,человек
rus1080.jpg,человекодень,червоточин
rus1081.jpg,червы,чернеть
rus1082.jpg,черник,черт
rus1083.jpg,черт,чествов
rus1084.jpg,честить,четыре
rus1085.jpg,четырежды,чинчинарем
rus1086.jpg,чинсы,чист
rus1087.jpg,чистюля,чрез
rus1088.jpg,чрезвычайн,что
rus1089.jpg,чтоб, чувствовать
rus1090.jpg,чугун,чулан
rus1091.jpg,чулок,шаг
rus1092.jpg,шагать,шанец
rus1093.jpg,шанкр,шатк
rus1094.jpg,шатко,швырять
rus1095.jpg,шебутной,шест
rus1096.jpg,шествие,шикнуть
rus1097.jpg,шиковать,ширпотреб
rus1098.jpg,ширь,школ
rus1099.jpg,школа,шмон
rus1100.jpg,шмотки,шпильк
rus1101.jpg,шпинат,штатн
rus1102.jpg,штатск,штукатур
rus1103.jpg,штукенция,шурф
rus1104.jpg,шуршать,щедр
rus1105.jpg,щек,щи
rus1106.jpg,щиколка,эдда
rus1107.jpg,эддическ,эконном.
rus1108.jpg,экономическ,эксперт
rus1109.jpg,экспираторн,электриз
rus1110.jpg,электрик,электротехн
rus1111.jpg,электро,эмоциональн
rus1112.jpg,эмооциияя,эпое
rus1113.jpg,эпох,эстонская
rus1114.jpg,эсстонсскии,эффект
rus1115.jpg,эффективн,юллиитть
rus1116.jpg,юлия,я
rus1117.jpg,ябед,яд
rus1118.jpg,ядерник,языкознание
rus1119.jpg,языык,японское море
rus1120.jpg,яр,яясн
rus1121.jpg,ясон,ящщур
