nor0001.jpg,A,abort
nor0002.jpg,abortere,action
nor0003.jpg,AD.,adgang
nor0004.jpg,adgangsbegrensning,adoptere
nor0005.jpg,adoptivbarn,aerodrom
nor0006.jpg,Aetat,aftenantrekk
nor0007.jpg,aftens,agnor
nor0008.jpg,agnostiker,ake
nor0009.jpg,akeleie,akkurat
nor0010.jpg,akkusativ,aksentuere
nor0011.jpg,aksept,akt
nor0012.jpg,aktbar,aktivitet
nor0013.jpg,aktivitør,akvarium
nor0014.jpg,akvatinta,alderdommelig
nor0015.jpg,alderdomssløvsinn,alfa
nor0016.jpg,alfa,alkyd
nor0017.jpg,alkymi,allmenn
nor0018.jpg,allmenning,allvitenhet
nor0019.jpg,allviter,alterasjon
nor0020.jpg,alterbilde,alvorlig
nor0021.jpg,alvorsfull,amen
nor0022.jpg,A-menneske,amorim
nor0023.jpg,amoroso,analyse
nor0024.jpg,analyserbar,andelseie
nor0025.jpg,andemat,anfall
nor0026.jpg,anfalle,angrepsfly
nor0027.jpg,angripe,ankedomstol
nor0028.jpg,ankel,anlegg
nor0029.jpg,anlegge,annamme
nor0030.jpg,Anne,annet
nor0031.jpg,annihilasjon,-anse
nor0032.jpg,anseelse,anslagshastighet
nor0033.jpg,anslå,ansvar
nor0034.jpg,ansvarlig,antecedens
nor0035.jpg,antegne,antirefleksbehandle
nor0036.jpg,antofytt,aparte
nor0037.jpg,apartheid,appellabel
nor0038.jpg,appellativ,Aq
nor0039.jpg,aqua,Arbeiderbevegelsens internasjonale støttekomite
nor0040.jpg,arbeiderbolig,arbeidsdirektør
nor0041.jpg,Arbeidsmiljøloven,arbitrasjør
nor0042.jpg,arbitrær,arktisk
nor0043.jpg,Arlanda,aromat
nor0044.jpg,Aron,arte
nor0045.jpg,artefakt,arv
nor0046.jpg,arve,asfalt
nor0047.jpg,asfaltere,assembler
nor0048.jpg,assersjon,astronomisk
nor0049.jpg,Asuncion,atkomst
nor0050.jpg,atlant,atskillig
nor0051.jpg,atskilt,attraktiv
nor0052.jpg,attrapp,aureol
nor0053.jpg,aurikkel,automatisk
nor0054.jpg,automatisme,av
nor0055.jpg,av-,avbilde
nor0056.jpg,avbinde,avdekke
nor0057.jpg,avdekking,avfallsbehandling
nor0058.jpg,avfalmet,avgi
nor0059.jpg,avgift,avgå
nor0060.jpg,av gårde,avhull
nor0061.jpg,avhumanisere,avklare
nor0062.jpg,avklart,avlastningsbue
nor0063.jpg,avlat,avlokke
nor0064.jpg,avlsarbeid,avmytologisere
nor0065.jpg,avmønstre,avse
nor0066.jpg,avseile,avskjedsfest
nor0067.jpg,avskjerme,avslepen
nor0068.jpg,avslutning,avspenning
nor0069.jpg,avspent,avstikker
nor0070.jpg,avstive,avtegne
nor0071.jpg,avtjene,avvike
nor0072.jpg,avvikelse,bable
nor0073.jpg,babord,baedeker
nor0074.jpg,Baffin Land,bakepapir
nor0075.jpg,bakeri,baakkebrvn
nor0076.jpg,bakkels(e),B-aksje
nor0077.jpg,bakskjerm,balansere
nor0078.jpg,balanseror,balneolog
nor0079.jpg,balsa,bane
nor0080.jpg,banearbeider,banksjef
nor0081.jpg,bankør,bare
nor0082.jpg,Barentsburg,barnealder
nor0083.jpg,Barne- og familiedepartementet,barometer
nor0084.jpg,baron,Basjkiria
nor0085.jpg,Basjkortostan,baun
nor0086.jpg,bausag,bebreide
nor0087.jpg,bebrillet,bedrift
nor0088.jpg,bedriftsdemokrati,befare
nor0089.jpg,befatning,begave
nor0090.jpg,begeistre,begrense
nor0091.jpg,begrep,behag
nor0092.jpg,behagelig,behov
nor0093.jpg,behørig,bekjenne
nor0094.jpg,bekjent,bekoste
nor0095.jpg,bekranse,belegg
nor0096.jpg,beleilig,belønne
nor0097.jpg,beløp,ben
nor0098.jpg,ben,bensplint
nor0099.jpg,Bent,bereist
nor0100.jpg,Berenikes har,bergrett
nor0101.jpg,Bergvesenet,berøre
nor0102.jpg,berøring,beskaffen
nor0103.jpg,beskatning,beskyttende
nor0104.jpg,beskøyt,best
nor0105.jpg,best.,bestemt
nor0106.jpg,bestenke,bestå
nor0107.jpg,besudle,besørge
nor0108.jpg,besådd,betegne
nor0109.jpg,betel,betjene
nor0110.jpg,betjening,bety
nor0111.jpg,betyde,bevegelse
nor0112.jpg,bevegelsesenergi,bevisst
nor0113.jpg,bevissthet,bibringe
nor0114.jpg,biceps,biklang
nor0115.jpg,bikonkav,biljakt
nor0116.jpg,biljard,billykt
nor0117.jpg,Biltilsynet,bindebue
nor0118.jpg,binders,birk
nor0119.jpg,birkebeiner,bit
nor0120.jpg,bit,bjeffe
nor0121.jpg,Bjelarus,bladbille
nor0122.jpg,blaff,blandet
nor0123.jpg,blandevann,bleik
nor0124.jpg,blek,bli
nor0125.jpg,blid,blind
nor0126.jpg,blinddør,blod
nor0127.jpg,blodansamling,blodsirkulasjon
nor0128.jpg,blodsutgytelse,blomsterarrangement
nor0129.jpg,blomstre,blusse
nor0130.jpg,blussel,bløtaktig
nor0131.jpg,bløyt,blålange
nor0132.jpg,blåne,blåsott
nor0133.jpg,blåst,Boerkrigen
nor0134.jpg,bofast,boks
nor0135.jpg,boksamler,bolsjevik
nor0136.jpg,bolsok,boms
nor0137.jpg,bomsikker,bonjour
nor0138.jpg,bonmot,bore
nor0139.jpg,boreal,borre
nor0140.jpg,borsj,bortløpen
nor0141.jpg,bortmed,boutgifter
nor0142.jpg,boutique,brann
nor0143.jpg,brann,Bratislava
nor0144.jpg,bratne,bredende
nor0145.jpg,bredsel,bremsebelegg
nor0146.jpg,bremsing,brennoffer
nor0147.jpg,brennsikker,brikke
nor0148.jpg,briks,briste
nor0149.jpg,Brit,bronkitt
nor0150.jpg,bronse,bruk
nor0151.jpg,bruk,bruksanvisning
nor0152.jpg,brukt,brus
nor0153.jpg,brus,bryggekjel(e)
nor0154.jpg,bryggepanne,bryte
nor0155.jpg,brytekamp,brød
nor0156.jpg,brød,brøyte
nor0157.jpg,brå,budbringer
nor0158.jpg,Buddha,bukk
nor0159.jpg,bukk,bule
nor0160.jpg,bule,bunn
nor0161.jpg,bunn,bure
nor0162.jpg,bure,buste
nor0163.jpg,bustet(e),by
nor0164.jpg,by,bygge
nor0165.jpg,byggeanmeldelse,bygningsarbeid
nor0166.jpg,bygsel,byste
nor0167.jpg,bystyre,bære
nor0168.jpg,bære,bøffel
nor0169.jpg,Bøhmen,børnskap
nor0170.jpg,børs,bøye
nor0171.jpg,bøyefast,båre
nor0172.jpg,bårerom,cannabis
nor0173.jpg,Cannes,cf.
nor0174.jpg,cg,CJS
nor0175.jpg,Cl,corps consulaire
nor0176.jpg,corps de ballet,cøliaker
nor0177.jpg,D,dag
nor0178.jpg,dagarbeid,daglig
nor0179.jpg,dagligdags,dalsenkning
nor0180.jpg,dalt,dampfart
nor0181.jpg,damsluse,dannet
nor0182.jpg,danning,dass
nor0183.jpg,dassbøtte,dato
nor0184.jpg,datomerke,deaktivere
nor0185.jpg,deb.,defekt
nor0186.jpg,defensiv,deiget(e)
nor0187.jpg,Dei gratia,dekke
nor0188.jpg,dekken,dekoratør
nor0189.jpg,dekort,dele
nor0190.jpg,deleatur,deling
nor0191.jpg,delingslinje,demme
nor0192.jpg,demning,dempe
nor0193.jpg,demper,denne
nor0194.jpg,dennesidig,deputert
nor0195.jpg,der,derfra
nor0196.jpg,derhen,desi-
nor0197.jpg,desibel,dessert
nor0198.jpg,dessforuten,detalj
nor0199.jpg,detasjement,diagnostiker
nor0200.jpg,diagonal,diesel
nor0201.jpg,diet,dikt
nor0202.jpg,diktafon,dimensjon
nor0203.jpg,diminuendo,diplomeksamen
nor0204.jpg,dipol,dis
nor0205.jpg,dis,diskonto
nor0206.jpg,diskontør,diskvalifisere
nor0207.jpg,dislokasjon,dissens
nor0208.jpg,dissenter,Distriktenes utbyggingsfond
nor0209.jpg,distriktshøyskole,djerv
nor0210.jpg,djervhet,dobbelt
nor0211.jpg,dobbeltagent,dogme
nor0212.jpg,dok.,domene
nor0213.jpg,domsfelle,dompap
nor0214.jpg,domprost,dosere
nor0215.jpg,dosering,dra
nor0216.jpg,drabant,drage
nor0217.jpg,drage,dramatisere
nor0218.jpg,dramatisk,dreie
nor0219.jpg,dreiebenk,dress
nor0220.jpg,dressbukser,driftsbalanse
nor0221.jpg,drikk,drille
nor0222.jpg,drille,drive
nor0223.jpg,drive,drive
nor0224.jpg,drive-in,droppe
nor0225.jpg,drops,dryppert
nor0226.jpg,dryppestein,drømmeaktig
nor0227.jpg,drømmer,drøye
nor0228.jpg,drøyhet,duell
nor0229.jpg,duellant,dukke
nor0230.jpg,dukkeaktig,dump
nor0231.jpg,dumpe,dunkelhet
nor0232.jpg,dunker,dusin
nor0233.jpg,dusinmenneske,dvergbjerk
nor0234.jpg,D-vitamin,dykkerundersøke
nor0235.jpg,dykketid,dyp
nor0236.jpg,dypbergart,dyr
nor0237.jpg,dyreape,dyster
nor0238.jpg,dytt,død
nor0239.jpg,dødball,dødsfall
nor0240.jpg,dødsone,dømme
nor0241.jpg,dømme,dørslag
nor0242.jpg,dørslag,dåre
nor0243.jpg,dåre,EDB
nor0244.jpg,edbundet,effektiv
nor0245.jpg,effektivisere,egentlig
nor0246.jpg,egentransport,eia
nor0247.jpg,eid,eikebukk
nor0248.jpg,eikevikler,eksamen
nor0249.jpg,eksamensarbeid,eksersere
nor0250.jpg,ekserserplass,ekspandere
nor0251.jpg,ekspansiv,ekspirasjon
nor0252.jpg,ekspirere,ekspropriasjon
nor0253.jpg,ekspropriat,ekstraskilling
nor0254.jpg,ekstraskudd,ekvipasje
nor0255.jpg,ekvipering,elektrifisere
nor0256.jpg,elektriker,elementær
nor0257.jpg,elende,ellers
nor0258.jpg,elleve,elvebredd
nor0259.jpg,elver,emir
nor0260.jpg,emisjon,en
nor0261.jpg,en,ende
nor0262.jpg,ende,ene
nor0263.jpg,eneagent,eneste
nor0264.jpg,enestående,engasjere
nor0265.jpg,engasjerende,enhet
nor0266.jpg,enhetlig,enkeltmenneske
nor0267.jpg,enkemann,enquete
nor0268.jpg,enrams,ensrette
nor0269.jpg,enstavelses,enveis
nor0270.jpg,enverdig,epleblomst
nor0271.jpg,epoke,ergometer
nor0272.jpg,ergometri,ernæring
nor0273.jpg,ernæringsekspert,erteplante
nor0274.jpg,ertet(e),espresso
nor0275.jpg,espri(t),etasje
nor0276.jpg,etasjere,etter
nor0277.jpg,etter-,etterforskning
nor0278.jpg,etterfylle,ettermann
nor0279.jpg,ettermelking,ettersommer
nor0280.jpg,etterspore,ettårig
nor0281.jpg,ettåring,evangelieforfatter
nor0282.jpg,evangelisere,evinnelig
nor0283.jpg,E-vitamin,fabrikk
nor0284.jpg,fabulere,fagott
nor0285.jpg,fagpresse,fall
nor0286.jpg,fall,falle
nor0287.jpg,fallekniv,familie
nor0288.jpg,Familie-,fane
nor0289.jpg,fanfare,fantast
nor0290.jpg,fantefølge,farefri
nor0291.jpg,faren,farsrolle
nor0292.jpg,fart,fast
nor0293.jpg,fastback,fatt
nor0294.jpg,fatt,favoritt
nor0295.jpg,favør,feie
nor0296.jpg,feiebrett,feilvurdere
nor0297.jpg,feinsehmecker,fellesantenne
nor0298.jpg,felling,femininum
nor0299.jpg,feminisme,fenghette
nor0300.jpg,fengsel,ferdig
nor0301.jpg,ferdigattest,fersk
nor0302.jpg,fersken,festsal
nor0303.jpg,Festspillene i Bergen,fiendtlig
nor0304.jpg,fiesta,fiksere
nor0305.jpg,fiksersalt,fillerve
nor0306.jpg,film,fin
nor0307.jpg,FIN,fingeravtrykk
nor0308.jpg,fingere,finne
nor0309.jpg,finner,fire
nor0310.jpg,fire,fiskebestand
nor0311.jpg,Fisken,fjelge
nor0312.jpg,fjell,fjerding
nor0313.jpg,fjern,fjord
nor0314.jpg,fjordarm,flagg
nor0315.jpg,flaggborg,flanell
nor0316.jpg,flanere,flatbrød
nor0317.jpg,flatbunnet,flekk
nor0318.jpg,flekke,flersidig
nor0319.jpg,flersifret,flink
nor0320.jpg,flint,flokk
nor0321.jpg,flokk,flotting
nor0322.jpg,flottør,fly
nor0323.jpg,fly,flyktning
nor0324.jpg,Flyktningerådet,flytte
nor0325.jpg,flytteattest,fløyels
nor0326.jpg,fløyet,fokk
nor0327.jpg,fokkemast,folkebibliotek
nor0328.jpg,Folkeforbundet,folketom
nor0329.jpg,Folketrygdfondet,for
nor0330.jpg,for,foranderlig
nor0331.jpg,forandre,forbannet
nor0332.jpg,forbarme,forbi
nor0333.jpg,forbifart,forbrenne
nor0334.jpg,forbrenning,forby
nor0335.jpg,forbygge,forderv
nor0336.jpg,fordervelig,fordunkle
nor0337.jpg,forduinste,foredle
nor0338.jpg,foredling,foreldre
nor0339.jpg,forelegg,foresatt
nor0340.jpg,foresette,forevise
nor0341.jpg,foreviser,forferdelse
nor0342.jpg,forferdige,forføyning
nor0343.jpg,forgangen,forhaling
nor0344.jpg,forhall,forhold
nor0345.jpg,forholde,forhåndsavgjørelse
nor0346.jpg,forhåne,forkjøle
nor0347.jpg,forkjølelse,forkynne
nor0348.jpg,forkynnelse,forlegning
nor0349.jpg,forlene,forløper
nor0350.jpg,forløse,formasjon
nor0351.jpg,formast,formidle
nor0352.jpg,formidler,formål
nor0353.jpg,forn,fornærmelse
nor0354.jpg,fornærmet,forplikte
nor0355.jpg,forpliktelse,forrette
nor0356.jpg,forreven,forsenke
nor0357.jpg,forsere,forske
nor0358.jpg,forsker,forskuddsbetaling
nor0359.jpg,forskusle,forsoning
nor0360.jpg,forsonlig,forstille
nor0361.jpg,forstilling,forståelig
nor0362.jpg,forståelse,forsvarsmekanisme
nor0363.jpg,forsvenske,forsøks
nor0364.jpg,Forsøksradet for skoleverket,fortegne
nor0365.jpg,fortegnelse,fortjeneste
nor0366.jpg,Fortjenstorden,fortrolig
nor0367.jpg,fortrolle,fortøyning
nor0368.jpg,foruleilige,forutse
nor0369.jpg,forutsetning,forvent
nor0370.jpg,forvente,forvåket
nor0371.jpg,forwaard,fot
nor0372.jpg,fot,fotogravyr
nor0373.jpg,foton,fra
nor0374.jpg,frabe,fram
nor0375.jpg,fram,framheve
nor0376.jpg,framholde,frampa
nor0377.jpg,framreise,framstaende
nor0378.jpg,framsyn,frarå
nor0379.jpg,frasagn,fred
nor0380.jpg,fredag,frelse
nor0381.jpg,frelser,fres
nor0382.jpg,fres,fri
nor0383.jpg,fri,friholt
nor0384.jpg,frihånd,frisk
nor0385.jpg,friskare,fritte
nor0386.jpg,frittgående,frostdag
nor0387.jpg,frotte,fryde
nor0388.jpg,frygisk,frø
nor0389.jpg,frøavl,fuktig
nor0390.jpg,fuktighet,fullskap
nor0391.jpg,fullskjegg,funksjonær
nor0392.jpg,funn,fyke
nor0393.jpg,fykende,fylle
nor0394.jpg,fylle,fyrstikk(e)
nor0395.jpg,fyrstinne,fødsel
nor0396.jpg,fødselsattest,følge
nor0397.jpg,følge,føling
nor0398.jpg,føljetong,føre
nor0399.jpg,føre,første
nor0400.jpg,første,føye
nor0401.jpg,føyk,få
nor0402.jpg,f.å.,Gaia
nor0403.jpg,gakk,galopp
nor0404.jpg,galoppere,gang
nor0405.jpg,gang,garanti
nor0406.jpg,Garanti-instituttet for eksportkreditt,gasse
nor0407.jpg,gasser,gave
nor0408.jpg,gavl,gemse
nor0409.jpg,gemytt,genocid
nor0410.jpg,genom,gi
nor0411.jpg,gibbon,giftmerke
nor0412.jpg,gigant,givetvis
nor0413.jpg,givnad,gjendrive
nor0414.jpg,gjendøper,gjenmæle
nor0415.jpg,gjennom,gjennomgå
nor0416.jpg,gjennomgåelse,gjenopplive
nor0417.jpg,gjenopprette,gjerne
nor0418.jpg,gjerning,gjæring
nor0419.jpg,gjæringskar,gjøre
nor0420.jpg,gjøremal,glass
nor0421.jpg,glass,glemme
nor0422.jpg,glemsel,glippe
nor0423.jpg,glippe,gnage
nor0424.jpg,gnager,god
nor0425.jpg,godartet,godt
nor0426.jpg,godta,graf
nor0427.jpg,graf,gratulere
nor0428.jpg,graut,greie
nor0429.jpg,greie,grenseboer
nor0430.jpg,grep,grillmat
nor0431.jpg,grim,grl
nor0432.jpg,Gro,grundig
nor0433.jpg,grunker,grunnlag
nor0434.jpg,grunnlaus,gruve
nor0435.jpg,Gry,grøsse
nor0436.jpg,grøsser,gt
nor0437.jpg,Guam,gull
nor0438.jpg,gull,gulnebbalbatross
nor0439.jpg,gulost,guttaperka
nor0440.jpg,gutteaktig,gørr
nor0441.jpg,gørr,gå
nor0442.jpg,gå,gå
nor0443.jpg,gåavstand,gårdsarbeid
nor0444.jpg,gåre,ha
nor0445.jpg,ha,ha
nor0446.jpg,ha,haike
nor0447.jpg,Haiti,hallomann
nor0448.jpg,Hallvard,halvape
nor0449.jpg,halvdag,hammock
nor0450.jpg,hammondorgel,handle
nor0451.jpg,handledyktig,hard
nor0452.jpg,hardangerfele,harpe
nor0453.jpg,harpiks,haug
nor0454.jpg,hauge,havfrue
nor0455.jpg,havn,hederlig
nor0456.jpg,hedersbevisning,heire
nor0457.jpg,heis,hel
nor0458.jpg,Hel,helkontinuerlig
nor0459.jpg,helkornbrød,helse
nor0460.jpg,helseattest,helvete
nor0461.jpg,helvetes,hende
nor0462.jpg,hendel,henge
nor0463.jpg,hengeaks,hensette
nor0464.jpg,hensikt,henvende
nor0465.jpg,henvise,herlighet
nor0466.jpg,hermafroditt,herredsagronom
nor0467.jpg,herredømme,hesteansikt
nor0468.jpg,het,hev
nor0469.jpg,hevarm,hige
nor0470.jpg,Hiiumaa,himmelblå
nor0471.jpg,himmelsprett,hisse
nor0472.jpg,hisset,hjel
nor0473.jpg,hjell,hjem
nor0474.jpg,hjemad,hjemmegjort
nor0475.jpg,hjemmel,hjerte
nor0476.jpg,hjerte,hjul
nor0477.jpg,hjulaksel,hode
nor0478.jpg,hode,hogge
nor0479.jpg,hoggende,holde
nor0480.jpg,holden,holdning
nor0481.jpg,holdningsendring,honorabel
nor0482.jpg,Honshu,hor
nor0483.jpg,Hordaland,hos
nor0484.jpg,hose,hoved
nor0485.jpg,hoven,huggert
nor0486.jpg,hugheil,hull
nor0487.jpg,hull,humpe
nor0488.jpg,humre,hundreår
nor0489.jpg,hundring(s),hus
nor0490.jpg,husandakt,huske
nor0491.jpg,huskelapp,hva
nor0492.jpg,hval,hverandre
nor0493.jpg,hverdag,hvilken
nor0494.jpg,hvilstilling,hvitrot
nor0495.jpg,hvitsnipp,hyggelig
nor0496.jpg,hygiene,hypo
nor0497.jpg,hypp,hærferd
nor0498.jpg,hø,høre
nor0499.jpg,høre,høy
nor0500.jpg,høvadel,høygaffel
nor0501.jpg,høygir,høystakk
nor0502.jpg,høystbydende,hånd
nor0503.jpg,hånd,håndhelse
nor0504.jpg,håndtere,hårdott
nor0505.jpg,hårsbredd,i
nor0506.jpg,i,ideal
nor0507.jpg,ideassosiasjon,ifelling
nor0508.jpg,ifisere,-iker
nor0509.jpg,ikk,ild
nor0510.jpg,ildballblom,illebefinnende
nor0511.jpg,illegal,immun
nor0512.jpg,imorgen,in
nor0513.jpg,in,indo
nor0514.jpg,Indokina,infiltrasjon
nor0515.jpg,infinitiv,ingress
nor0516.jpg,Ingrid,inn
nor0517.jpg,inna,innbuet
nor0518.jpg,innbundet,innearbeid
nor0519.jpg,innefra,innersving
nor0520.jpg,innesitter,innfødt
nor0521.jpg,innfølingsevne,innhente
nor0522.jpg,innhogg,innklint
nor0523.jpg,innkoble,innlysende
nor0524.jpg,innlære,innpode
nor0525.jpg,innprege,innsamle
nor0526.jpg,innsats,innskrenke
nor0527.jpg,innskrift,innstille
nor0528.jpg,innstilling,inntatt
nor0529.jpg,inntegne,innunder
nor0530.jpg,innvalg,insekt
nor0531.jpg,inseminant,instruktør
nor0532.jpg,instrument,interesse
nor0533.jpg,interessent,intet
nor0534.jpg,intifada,inventar
nor0535.jpg,inversjon,irritere
nor0536.jpg,irsk,isk
nor0537.jpg,isklald,isted
nor0538.jpg,isteden,ja
nor0539.jpg,jabb,jager
nor0540.jpg,jaggu,jjammerlig
nor0541.jpg,jammerrop,ja visst
nor0542.jpg,jazz,jern
nor0543.jpg,jern,jevn
nor0544.jpg,jevnaldrende,jo
nor0545.jpg,Joakim,jomfrunalsk
nor0546.jpg,jomfruskott,jordeiendom
nor0547.jpg,jordeliv,Jotunheimen
nor0548.jpg,jotunkvinne,julebakst
nor0549.jpg,julemesse,junke
nor0550.jpg,junker,jødeblom
nor0551.jpg,jødisk,kaffe
nor0552.jpg,kaffein,kakuminal
nor0553.jpg,kal,kalesje
nor0554.jpg,kalfatre,kalle
nor0555.jpg,kallefrekvens,kambodsjaner
nor0556.jpg,kambrisk,kampberedskap
nor0557.jpg,kampere,kandis
nor0558.jpg,kane,kant
nor0559.jpg,kant,kapillar
nor0560.jpg,kapillær,kapring
nor0561.jpg,kaprise,Karakumørkenen
nor0562.jpg,karambolasje,karikatør
nor0563.jpg,karimess(e),kartlegge
nor0564.jpg,kartograf,kasse
nor0565.jpg,kassere,kaste
nor0566.jpg,kasteball,kastorolje
nor0567.jpg,kastrasjon,katolikk
nor0568.jpg,katolsk,kav
nor0569.jpg,kav,kelter
nor0570.jpg,kelvin,kikkhull
nor0571.jpg,kikkidor(ian),kim
nor0572.jpg,kimbrer,kiosk
nor0573.jpg,kipe,kirograf
nor0574.jpg,kirsch,kjedebrev
nor0575.jpg,kjedelig,kjeller
nor0576.jpg,kjelpasser,kjempesalamandrer
nor0577.jpg,kjendis,kjenningsbokstav
nor0578.jpg,kjennskap,kjerring
nor0579.jpg,kjerris,kjæreste
nor0580.jpg,kjærkommen,kjøle
nor0581.jpg,Kjølen,kjønnsmoden
nor0582.jpg,kjøp,kjøre
nor0583.jpg,kjøre,kjøre
nor0584.jpg,kjørebane,kjøttbein
nor0585.jpg,KKD,klamp
nor0586.jpg,klampe,klar
nor0587.jpg,klare,klase
nor0588.jpg,klask,klatre
nor0589.jpg,klatrefot,klebe
nor0590.jpg,kleber,klemme
nor0591.jpg,klemskrue,klima
nor0592.jpg,klimaks,klinte
nor0593.jpg,klipe,klitt
nor0594.jpg,klive,klokkeslett
nor0595.jpg,klokskap,klubbe
nor0596.jpg,klubbe,klut
nor0597.jpg,klutepapir,kløne
nor0598.jpg,klønet(e),knakke
nor0599.jpg,knakkpølse,knasende
nor0600.jpg,knask,knekke
nor0601.jpg,kneekkebrød,knipe
nor0602.jpg,knipetak,knivstikk
nor0603.jpg,KNM,knurre
nor0604.jpg,knurrhår,knytte
nor0605.jpg,knyttneve,kode
nor0606.jpg,kode,koke
nor0607.jpg,kokebok,koll
nor0608.jpg,koll,koloni
nor0609.jpg,kolonial,komedie
nor0610.jpg,komedienne,komme
nor0611.jpg,komme,komme
nor0612.jpg,komme,komme
nor0613.jpg,kommende,kommensurabel
nor0614.jpg,kommentar,kommunist
nor0615.jpg,kommutabel,komplett
nor0616.jpg,komplikasjon,kondensfjerner
nor0617.jpg,kondensor,konfigurasjon
nor0618.jpg,konfirmant,kongelig
nor0619.jpg,kongelys,konkludere
nor0620.jpg,konkordans,konsekvient
nor0621.jpg,konsens,konsolidere
nor0622.jpg,konsoll,konsiultativ
nor0623.jpg,konsultere,kontinental
nor0624.jpg,kontingent,kontraindikasjon
nor0625.jpg,kontraksjon,kontur
nor0626.jpg,konus,kopp
nor0627.jpg,kopp,korn
nor0628.jpg,korne,korrodere
nor0629.jpg,korrosjon,kort
nor0630.jpg,kortautomat,koscher
nor0631.jpg,kose,kostnad
nor0632.jpg,kostpenger,kraftgate
nor0633.jpg,kraftig,kramse
nor0634.jpg,kramsfugl,krav
nor0635.jpg,krav,krem
nor0636.jpg,kremasjon,kretsfengsel
nor0637.jpg,kretsløp,krigslist
nor0638.jpg,krigsskade,krise
nor0639.jpg,Kriseutvalg for atomulykker,kritt
nor0640.jpg,kritte,krone
nor0641.jpg,krone,krukke
nor0642.jpg,krum,krutthorn
nor0643.jpg,kruttlappistol,krype
nor0644.jpg,krypekjeller,krystall
nor0645.jpg,krystallin,KS
nor0646.jpg,ks,kulde
nor0647.jpg,kuldskjær,kullkaste
nor0648.jpg,kull-lag,kulturell
nor0649.jpg,Kultur- og kirkedepartementet,kunne
nor0650.jpg,kunnen,kunstner
nor0651.jpg,kunstpause,kurial
nor0652.jpg,kurie,kurvflaske
nor0653.jpg,kuse,kvadrat
nor0654.jpg,kvadrere,kvapp
nor0655.jpg,kvapset(e),kveik
nor0656.jpg,kveike,kven
nor0657.jpg,kvepp,kvin
nor0658.jpg,kvinand,kvittere
nor0659.jpg,kvittering,kyst
nor0660.jpg,kystartilleri,køyeseng
nor0661.jpg,kå,la
nor0662.jpg,la,lag
nor0663.jpg,laga,lagringsorgan
nor0664.jpg,lags,lamell
nor0665.jpg,lamellær,landemerke
nor0666.jpg,landfast,landskjent
nor0667.jpg,landskilpadde,lange
nor0668.jpg,langeleik,langt
nor0669.jpg,langtekkelig,lappesaker
nor0670.jpg,lappfiskand,last
nor0671.jpg,laste,latter
nor0672.jpg,latteranfall,lave
nor0673.jpg,lave,lebendig
nor0674.jpg,Lebensraum,ledig
nor0675.jpg,leding,legdommer
nor0676.jpg,lege,legge
nor0677.jpg,legge,legge
nor0678.jpg,leggebe(i)n,lei
nor0679.jpg,lei,leiret(e)
nor0680.jpg,leirområde,leksefri
nor0681.jpg,leksem,lengde
nor0682.jpg,lenge,lenke
nor0683.jpg,lens,lese
nor0684.jpg,lesebok,letne
nor0685.jpg,lett,lettrodd
nor0686.jpg,lettroende,levemåte
nor0687.jpg,leven,liaison
nor0688.jpg,lian,liga
nor0689.jpg,ligament,ligger
nor0690.jpg,liggende,like
nor0691.jpg,like,likhet
nor0692.jpg,likhetsideologi,lindre
nor0693.jpg,linduk,Linn
nor0694.jpg,linn,listeavstemning
nor0695.jpg,listelig,liv
nor0696.jpg,liv,livpulsåre
nor0697.jpg,livre,livtak
nor0698.jpg,livøre,loe
nor0699.jpg,lofamilien,lokalisasjon
nor0700.jpg,lokalkjennskap,longør
nor0701.jpg,longør,lov
nor0702.jpg,lov,lovsynge
nor0703.jpg,lovtekst,luftkamp
nor0704.jpg,luftning,lukke
nor0705.jpg,lukkelyd,lune
nor0706.jpg,lune,lure
nor0707.jpg,lure,lutheraner
nor0708.jpg,lutherdom,lydisolasjon
nor0709.jpg,lydrike,lynglimt
nor0710.jpg,lyngtre,lyse
nor0711.jpg,lyse,lyst
nor0712.jpg,lystavle,lære
nor0713.jpg,læreanstalt,lærvillig
nor0714.jpg,læstadianer,lømmel
nor0715.jpg,lønn,løp
nor0716.jpg,løp,løpeseddel
nor0717.jpg,løpsk,løsfart
nor0718.jpg,løsjer,løvebrøl
nor0719.jpg,løves,låne
nor0720.jpg,lånebeløp,låve
nor0721.jpg,m,mager
nor0722.jpg,magerhet,majorat
nor0723.jpg,majoritet,makroklima
nor0724.jpg,makron,maktsyk
nor0725.jpg,makulatur,maling
nor0726.jpg,malise,mandant
nor0727.jpg,mandarin,mangel
nor0728.jpg,mangelfull,manipulasjon
nor0729.jpg,manisk,mannfolk
nor0730.jpg,manngard,manufaktur
nor0731.jpg,manus,marginal
nor0732.jpg,marginforretning,mark
nor0733.jpg,markadag,marm
nor0734.jpg,Marmarahavet,mase
nor0735.jpg,mase,maskinkanon
nor0736.jpg,maskot,massiv
nor0737.jpg,massør,mater
nor0738.jpg,material,matsal
nor0739.jpg,matt,med
nor0740.jpg,med,medbestemmelse
nor0741.jpg,medborger,medieforsk(n)ing
nor0742.jpg,medikament,medsammensvoren
nor0743.jpg,medskapning,meierist
nor0744.jpg,mein,melde
nor0745.jpg,melder,melkeflaske
nor0746.jpg,melkesyre,mellomjul
nor0747.jpg,mellomst,men
nor0748.jpg,men,mening
nor0749.jpg,meningitt,menneskeliknende
nor0750.jpg,menneskerettigheter,mer
nor0751.jpg,merarbeid,merke
nor0752.jpg,merkedag,merrabytter
nor0753.jpg,mers,mester
nor0754.jpg,mesterlig,meter
nor0755.jpg,meter,middag
nor0756.jpg,middagsavis,midel
nor0757.jpg,midfaste,mignonpære
nor0758.jpg,migrasjon,milelang
nor0759.jpg,militant,milliard
nor0760.jpg,milliampere,mine
nor0761.jpg,mine,minne
nor0762.jpg,minnelig,minst
nor0763.jpg,minstealder,misfare
nor0764.jpg,mishag,missale
nor0765.jpg,misse,misunne
nor0766.jpg,misunnelse,modellermasse
nor0767.jpg,modellfly,modne
nor0768.jpg,modning,moms
nor0769.jpg,mon,monoton
nor0770.jpg,monotype,morbær
nor0771.jpg,morcelle,mormon
nor0772.jpg,mormor,mosaisk
nor0773.jpg,Mosambik,mot
nor0774.jpg,m.o.t.,motiv
nor0775.jpg,motivforskning,motsatt
nor0776.jpg,motsetning,motstykke
nor0777.jpg,motstøt,motvold
nor0778.jpg,motytelse,mulig
nor0779.jpg,muligens,mungåt
nor0780.jpg,Munin,munnparti
nor0781.jpg,munnrapp,museart
nor0782.jpg,musebygning,muskel
nor0783.jpg,musketer,mye
nor0784.jpg,mygg,mynt
nor0785.jpg,myntapparat,myte
nor0786.jpg,myte,mølle
nor0787.jpg,møllen,mørje
nor0788.jpg,mørk,møte
nor0789.jpg,møtebok,mål
nor0790.jpg,målbar,målestang
nor0791.jpg,målfartøy,måne
nor0792.jpg,måned,måte
nor0793.jpg,måte,nabo
nor0794.jpg,nabo,nakke
nor0795.jpg,nakkebær,narre
nor0796.jpg,narrmarihånd,natt
nor0797.jpg,natt,natar
nor0798.jpg,natura,nauruer
nor0799.jpg,naust,navneblekk
nor0800.jpg,navngi,ned
nor0801.jpg,ned,nede
nor0802.jpg,nedefra,nedgående
nor0803.jpg,nedhaler,nedre
nor0804.jpg,Nedre,nedstemt
nor0805.jpg,nedstemthet,neglebit(t)
nor0806.jpg,neglisje,nellikfamilien
nor0807.jpg,nelson,nervebetennelse
nor0808.jpg,nervøs,neseape
nor0809.jpg,neshorn,nett
nor0810.jpg,nett,nevne
nor0811.jpg,nevneform,nifs
nor0812.jpg,Niger,nisje
nor0813.jpg,nisse,NKL
nor0814.jpg,NKP,noen
nor0815.jpg,noengang,nok
nor0816.jpg,nok,nonstop-forestilling
nor0817.jpg,No pasaran!,nordlig
nor0818.jpg,nordlys,Norges Statsbaner
nor0819.jpg,norgesvenn,norsk
nor0820.jpg,norskamerikaner,note
nor0821.jpg,noteapparat,nudel
nor0822.jpg,nudisme,nummer
nor0823.jpg,nummerere,nydyrke
nor0824.jpg,nyfødd,nyrebark
nor0825.jpg,nyrik,nytte
nor0826.jpg,nyttedyr,nær
nor0827.jpg,nærbilde,næringsoppgave
nor0828.jpg,nærkamp,nærtagen
nor0829.jpg,nærværende,nødt
nor0830.jpg,nødtelefon,nøktern
nor0831.jpg,nøkternt,nøysom
nor0832.jpg,nøyte,nå
nor0833.jpg,n.å.,nålys
nor0834.jpg,nåløye,obligat
nor0835.jpg,obligatorisk,Odin
nor0836.jpg,odiøs,offisiell
nor0837.jpg,offisin,okapi
nor0838.jpg,okarina,oldenborre
nor0839.jpg,older,oljeoppsamlingsutstyr
nor0840.jpg,oljet,om
nor0841.jpg,om,omfang
nor0842.jpg,omfar,omgivelser
nor0843.jpg,omgjenge,omkring
nor0844.jpg,om kull,område
nor0845.jpg,oms,omstart
nor0846.jpg,omstendelig,omtåket
nor0847.jpg,omulsik,onsdag
nor0848.jpg,onshore,opp
nor0849.jpg,oppad,oppbrusende
nor0850.jpg,oppbud,oppe
nor0851.jpg,oppebie,oppfylling
nor0852.jpg,eppfyring,opphete
nor0853.jpg,oppheve,oppkalle
nor0854.jpg,oppkast,opplest
nor0855.jpg,opplett,oppmed
nor0856.jpg,oppmelding,opprakt
nor0857.jpg,oppramsing,opprustet
nor0858.jpg,oopprustning,oppsigelse
nor0859.jpg,oppsikt,oppspore
nor0860.jpg,oppspytt,oppsøke
nor0861.jpg,oppta,opptrevlet
nor0862.jpg,opptrinn,optimalisere
nor0863.jpg,optimisme,ord
nor0864.jpg,ordavledning,ordklasse
nor0865.jpg,ordne,orgie
nor0866.jpg,orient,ornament
nor0867.jpg,ornat,oter
nor0868.jpg,otiatri,over
nor0869.jpg,over,overbevise
nor0870.jpg,overbitt,overenskomst
nor0871.jpg,overensstemmelse,overføring
nor0872.jpg,overførsel,overheng
nor0873.jpg,overhenge,overlappe
nor0874.jpg,overlast,overmorgen
nor0875.jpg,overmot,overside
nor0876.jpg,oversikt,oversvømme
nor0877.jpg,oversykepleier,overvelde
nor0878.jpg,overvettes,pagan
nor0879.jpg,pagina,paleoantropologi
nor0880.jpg,paleograf,panelovn
nor0881.jpg,panem et circenses!,panter
nor0882.jpg,panteregister,para
nor0883.jpg,parabel,parallelt
nor0884.jpg,paralogisme,parkere
nor0885.jpg,parkering,parterr
nor0886.jpg,parthaver,parveny
nor0887.jpg,parvis,passe
nor0888.jpg,pasee,patent
nor0889.jpg,patentbeskrivelse,pause
nor0890.jpg,pausere,pektin
nor0891.jpg,pekuniær,penge
nor0892.jpg,pengeanbringelse,pensjonsalder
nor0893.jpg,Pensjonistpartiet,perfekt
nor0894.jpg,perfektibel,perlemor
nor0895.jpg,perlemorsky,persisk
nor0896.jpg,persistens,perspektiv
nor0897.jpg,perspektivløs,Ph.D.
nor0898.jpg,pharm.,pikelill
nor0899.jpg,pikener,pils
nor0900.jpg,pilskate,pinneskrue
nor0901.jpg,pinnsvin,pirateri
nor0902.jpg,piratdrosje,pjaltet(e)
nor0903.jpg,pjank,planfri
nor0904.jpg,plangeometri,plass
nor0905.jpg,plassangst,platearbeider
nor0906.jpg,platespiller,pleonasme
nor0907.jpg,plesken,plot
nor0908.jpg,plott,plussmål
nor0909.jpg,pluss-side,poeng
nor0910.jpg,poengtere,polarstrøk
nor0911.jpg,polder,polkø
nor0912.jpg,poll,pontifeks
nor0913.jpg,pontifikat,portechaise
nor0914.jpg,portefølje,positiv
nor0915.jpg,positivisme,postinkassasjon
nor0916.jpg,postisj,potet
nor0917.jpg,Potjomkin,praktisere
nor0918.jpg,praktisk,preg
nor0919.jpg,prege,premieordning
nor0920.jpg,premiere,preseterist
nor0921.jpg,president,presse
nor0922.jpg,presseattache,prestisje
nor0923.jpg,prestissimo,primadonna
nor0924.jpg,primafisk,prioritere
nor0925.jpg,prioritet,privat
nor0926.jpg,privativ,problem
nor0927.jpg,prod.,proff
nor0928.jpg,profil,progresjonsskala
nor0929.jpg,progressiv,propagandere
nor0930.jpg,propagere,prosent
nor0931.jpg,prosesjon,protestdag
nor0932.jpg,protestere,prute
nor0933.jpg,prutningsmonn,prøve
nor0934.jpg,prøvelse,psykoanalyse
nor0935.jpg,psykose,pulk
nor0936.jpg,pull,punghare
nor0937.jpg,pungulv,pusekatt
nor0938.jpg,puselanke,pynt
nor0939.jpg,pynt,pøh
nor0940.jpg,pøl,på
nor0941.jpg,p.å.,påbygg
nor0942.jpg,påbygge,påkledd
nor0943.jpg,påkleder,påske
nor0944.jpg,Påskeøya,påvirkelig
nor0945.jpg,påvirket,rable
nor0946.jpg,rable,radiotelefoni
nor0947.jpg,radiotelefonist,rakefisk
nor0948.jpg,rakekniv,ramme
nor0949.jpg,ramme,rang
nor0950.jpg,rang,rapp
nor0951.jpg,rapp,rasende
nor0952.jpg,raseopptøyer,rate
nor0953.jpg,ratebetaling,reaksjonsdrevet
nor0954.jpg,reaksjonær,rechts
nor0955.jpg,rector magnificus,redningsaksjon
nor0956.jpg,redoble,referanse
nor0957.jpg,referat,refreng
nor0958.jpg,refs,regionplan
nor0959.jpg,regissere,reglesmed
nor0960.jpg,regn,regning
nor0961.jpg,regningsart,rehabilitere
nor0962.jpg,rei,reise
nor0963.jpg,reiseakkreditiv,reiterant
nor0964.jpg,reiv,rekkehus
nor0965.jpg,rekkevidde,rekreasjon
nor0966.jpg,rekrere seg,relegasjon
nor0967.jpg,relekjede,ren
nor0968.jpg,renal,renne
nor0969.jpg,rennebom,rente
nor0970.jpg,rentier,representant
nor0971.jpg,representasjon,reserve
nor0972.jpg,reservere,resong
nor0973.jpg,resonnabel,restanse
nor0974.jpg,restaurant,retningsantenne
nor0975.jpg,retor,rett
nor0976.jpg,rett,rettferdig
nor0977.jpg,retthaveri,rettslig
nor0978.jpg,rettslokale,rev
nor0979.jpg,rev,revolusjon
nor0980.jpg,revolver,ribbung
nor0981.jpg,riboflavin,Rikard
nor0982.jpg,rikdom,riksvei
nor0983.jpg,riktig,ring
nor0984.jpg,ring,rinne
nor0985.jpg,Rio de Janeiro,risse
nor0986.jpg,rist,rive
nor0987.jpg,rive,robåt
nor0988.jpg,rock,rom
nor0989.jpg,Roma,rommelig
nor0990.jpg,rommål,rosebladlus
nor0991.jpg,Rosekrigene,rote
nor0992.jpg,rotebukk,reyal (straight) flush
nor0993.jpg,royalty,ruin
nor0994.jpg,ruinere,rullere
nor0995.jpg,rullerøyk,rundgang
nor0996.jpg,rundhalset,rus
nor0997.jpg,ruse,russer
nor0998.jpg,russetid,rutenett
nor0999.jpg,rutepapir,rygg
nor1000.jpg,rygge,rykke
nor1001.jpg,rykker,rytme
nor1002.jpg,rytmikk,rødme
nor1003.jpg,rødmelde,røl
nor1004.jpg,røle,røre
nor1005.jpg,rørebøtte,røyke
nor1006.jpg,røyker,rade
nor1007.jpg,radebank,ral
nor1008.jpg,rale,sabla
nor1009.jpg,sable,saalga
nor1010.jpg,Saigon,sakte
nor1011.jpg,sakte,salighet
nor1012.jpg,saling,saltoppløsning
nor1013.jpg,saliatt,samfunn
nor1014.jpg,samfunnsbevarende,saamle
nor1015.jpg,samlebegrep,samme
nor1016.jpg,sammen,sammenlikne
nor1017.jpg,sammenlikning,Samodaøyene
nor1018.jpg,samojed,samtlige
nor1019.jpg,samtrening,sandpapir
nor1020.jpg,sandwich,sankt
nor1021.jpg,sankta,sannsynlighet
nor1022.jpg,sannsynligvis,satanisme
nor1023.jpg,satans,saute
nor1024.jpg,sav,scoring
nor1025.jpg,serap-book,se
nor1026.jpg,seanse,sedvane
nor1027.jpg,sedvanlig,seilier
nor1028.jpg,selier,seile
nor1029.jpg,seiler,seismograf
nor1030.jpg,SEK,sekst
nor1031.jpg,sekstall,sekundær
nor1032.jpg,sekvens,selskapsantrekk
nor1033.jpg,Selskapsøyene,selvbærende
nor1034.jpg,selvdekning,selvjusterende
nor1035.jpg,seelymord,selvstudium
nor1036.jpg,selvutslettende,sende
nor1037.jpg,sender,senilitet
nor1038.jpg,senior,senter
nor1039.jpg,Senter for høyere stidier,separere
nor1040.jpg,sepe,serviett
nor1041.jpg,servil,sett
nor1042.jpg,settball,sette
nor1043.jpg,sette,sette
nor1044.jpg,settedommer,Sherlock Holmes
nor1045.jpg,sherpa,SI
nor1046.jpg,S1,side
nor1047.jpg,side=,siderom
nor1048.jpg,sidet(e),signal
nor1049.jpg,signalement,sikker
nor1050.jpg,sikkerhet,sikringsanlegg
nor1051.jpg,siksak,silderasp
nor1052.jpg,sildhai,simplifikasjon
nor1053.jpg,simsalabim,smn
nor1054.jpg,sinna,sirkus
nor1055.jpg,sirlig,sitat
nor1056.jpg,sitdownstreik,sittebad
nor1057.jpg,sittnedaksjon,sjakkbord
nor1058.jpg,sjakkel,sjarm
nor1059.jpg,sjarme,sjel
nor1060.jpg,sjelden,sjofel
nor1061.jpg,sjog,sjaarsalder
nor1062.jpg,SJY,sjøleopard
nor1063.jpg,sjølfolket,skabelon
nor1064.jpg,skaberakk,skaffe
nor1065.jpg,skaffe,skalle
nor1066.jpg,skalle,skamløyse
nor1067.jpg,skamme,skape
nor1068.jpg,skapelig,skarp
nor1069.jpg,skarphet,skaattefunn
nor1070.jpg,skaattfri,skeeise
nor1071.jpg,skeit,skifte
nor1072.jpg,skifterett,skille
nor1073.jpg,skillelinje,skilt
nor1074.jpg,skilte,skinnbevegelse
nor1075.jpg,skinnbind,skipning
nor1076.jpg,skipper,skirenn
nor1077.jpg,skisma,skive
nor1078.jpg,skivoks,skjeegg-gran
nor1079.jpg,skjegglav,skjelve
nor1080.jpg,skjelvelamhet,skjenne
nor1081.jpg,skjenneri,skjevdeling
nor1082.jpg,skjeve,skjær
nor1083.jpg,skjær,skjærsommer
nor1084.jpg,skjød,skjønt
nor1085.jpg,skjør,sko
nor1086.jpg,skobesparer,skoogskjegg
nor1087.jpg,skogskjelv,skolefrokost
nor1088.jpg,skoleist,skoletur
nor1089.jpg,skolisse,skov!]
nor1090.jpg,skovle,skraper
nor1091.jpg,skraphandel,skremme
nor1092.jpg,skremsel,skriftlig
nor1093.jpg,skriftmal,skritte
nor1094.jpg,skritteller,skrive
nor1095.jpg,skriveblokk,skru
nor1096.jpg,skruball,skriaskøyte
nor1097.jpg,skruve(=),skubbe
nor1098.jpg,skudd,skufle
nor1099.jpg,skuggeredd,skulptere
nor1100.jpg,skuls,skure
nor1101.jpg,skurfolk,skvette
nor1102.jpg,skveetten,skygge
nor1103.jpg,skygge,skylde
nor1104.jpg,skvyldes,skynde
nor1105.jpg,skynding,skyte
nor1106.jpg,skvtebane,skyve
nor1107.jpg,skyvedør,skate
nor1108.jpg,slabb,slaganfall
nor1109.jpg,slage,slaakke
nor1110.jpg,slakne,slank
nor1111.jpg,slanke,slave
nor1112.jpg,slaver,slektsarv
nor1113.jpg,slektskap,slenge
nor1114.jpg,slengearbeid,slette
nor1115.jpg,slette,slind
nor1116.jpg,slind(r)e,slippe
nor1117.jpg,slippers,slite
nor1118.jpg,shtebane,sluibre
nor1119.jpg,sludd,slure
nor1120.jpg,slurk,slutte
nor1121.jpg,sluttelig,slør
nor1122.jpg,slør,sla
nor1123.jpg,sla,sla
nor1124.jpg,sla,sla
nor1125.jpg,sla,slatt
nor1126.jpg,slatt,smalfilm
nor1127.jpg,smalhans,smeelle
nor1128.jpg,smelle,smigre
nor1129.jpg,smigrer,smugle
nor1130.jpg,smugler,smør
nor1131.jpg,smørasjett,sma
nor1132.jpg,smaannonse,smahutre
nor1133.jpg,Smaland,smapirk
nor1134.jpg,smatt,snakke
nor1135.jpg,snakkeboble,snarlig
nor1136.jpg,snarlik,snegle
nor1137.jpg,Snehvit,snevre
nor1138.jpg,snibel,snitt
nor1139.jpg,snitt,sn
nor1140.jpg,snibbe,snasfornuft
nor1141.jpg,snusk,snøfille
nor1142.jpg,snøfle,snøtining
nor1143.jpg,snøtt,sol
nor1144.jpg,sol,solid
nor1145.jpg,solidaransvar,solvarme
nor1146.jpg,Soolveig,somle
nor1147.jpg,somling,sonisk
nor1148.jpg,Sonja,sortere
nor1149.jpg,sorterer,sosialomsorg
nor1150.jpg,sosjetet,sovjetborger
nor1151.jpg,Sovjetsamveldet,spansk
nor1152.jpg,spanske,sparke
nor1153.jpg,sparkel,speider
nor1154.jpg,speiding,spenne
nor1155.jpg,spenne,sperre
nor1156.jpg,sperre,spesielt
nor1157.jpg,spesles,spill
nor1158.jpg,spill,spille
nor1159.jpg,spille,spinning
nor1160.jpg,spinnmidd,spising
nor1161.jpg,spisk,spleise
nor1162.jpg,splendid,spor
nor1163.jpg,sporadisk,sportslig
nor1164.jpg,sportsmann,spre
nor1165.jpg,sprede,sprell
nor1166.jpg,sprell,sprette
nor1167.jpg,sprette,sprint
nor1168.jpg,sprinte,sprøytehopp
nor1169.jpg,sprøytenarkoman,spurt
nor1170.jpg,spurt,spøke
nor1171.jpg,spøkefugl,spørsmal
nor1172.jpg,spørsmalsstiller,stable
nor1173.jpg,stabskaptein,stakkars
nor1174.jpg,stakkarsdom,stampe
nor1175.jpg,stampemaølle,standfisk
nor1176.jpg,standhaftig,stapel
nor1177.jpg,staple,stasjon
nor1178.jpg,stasjonsbetjent,statsbruk
nor1179.jpg,statsmann,staut
nor1180.jpg,staut,stedegen
nor1181.jpg,steder,steinflue
nor1182.jpg,steining,steil
nor1183.jpg,stella,stemning
nor1184.jpg,stemning,steppe
nor1185.jpg,steppeantilope,sterling
nor1186.jpg,steroid,stige
nor1187.jpg,stigebil,stikke
nor1188.jpg,stikke,stikning
nor1189.jpg,stil,stille
nor1190.jpg,stille,stilling
nor1191.jpg,stillingsbeskrivelse,stinke
nor1192.jpg,stinkteger,stjerne
nor1193.jpg,stjernebanner,stokk
nor1194.jpg,stokk,stoppe
nor1195.jpg,stooppe,storebror
nor1196.jpg,storeter,stormast
nor1197.jpg,stormaure,stortingsgruppe
nor1198.jpg,stoortrappe,straffespark
nor1199.jpg,straffetoll,strandfauna
nor1200.jpg,strange,streike
nor1201.jpg,streit,strekke
nor1202.jpg,strekkemuskel,stri
nor1203.jpg,stribukk,strikke
nor1204.jpg,strikkerske,strupe
nor1205.jpg,struper,strø
nor1206.jpg,strø,strømpe
nor1207.jpg,strømpris,student
nor1208.jpg,studenter=,stud.
nor1209.jpg,stue,stund
nor1210.jpg,stunde,stygg
nor1211.jpg,stygg-,stvr
nor1212.jpg,styr,styrkebelte
nor1213.jpg,styrkelse,støp
nor1214.jpg,støpe,støte
nor1215.jpg,støtfanger,støv
nor1216.jpg,støvaktig,sta
nor1217.jpg,sta,sta
nor1218.jpg,sta,sta
nor1219.jpg,staende,stasted
nor1220.jpg,Su,sudettysker
nor1221.jpg,suffigere,sukke
nor1222.jpg,sukkel,sulte
nor1223.jpg,sulten,sunnitt
nor1224.jpg,Sunnmøre,sSur
nor1225.jpg,sure,suset(e)
nor1226.jpg,Susp,svakhet
nor1227.jpg,svakstrøm,svare
nor1228.jpg,svarer,svartolder
nor1229.jpg,svarv,svekke
nor1230.jpg,sveekling,sverme
nor1231.jpg,svermer,svibrent
nor1232.jpg,svidd,svm
nor1233.jpg,svinaktig,svinge!l
nor1234.jpg,svinget,svoren
nor1235.jpg,svoret,swazilandsk
nor1236.jpg,sweater,sykepleier
nor1237.jpg,sykepleierskole,sympati
nor1238.jpg,sympatisk,svnes
nor1239.jpg,svynestesi,synlig
nor1240.jpg,Synnøve,system
nor1241.jpg,systematiker,særlov
nor1242.jpg,Særs,søkk
nor1243.jpg,søkk,sølvmynt
nor1244.jpg,søm,Sør-Afrika
nor1245.jpg,sørafrikaner,sørøst
nor1246.jpg,sørøstre,s$sa
nor1247.jpg,$a,samann
nor1248.jpg,samaskin,sare
nor1249.jpg,sare,ta
nor1250.jpg,ta,ta
nor1251.jpg,ta,ta
nor1252.jpg,tab.,tabla
nor1253.jpg,tabu,tak
nor1254.jpg,takbelegg,takke
nor1255.jpg,takkebrev,takstsone
nor1256.jpg,taksvale,tale
nor1257.jpg,taleevne,tallmagi
nor1258.jpg,tallmessig,tangforløsning
nor1259.jpg,tango,tankerekke
nor1260.jpg,tankfart,tape
nor1261.jpg,tape,tariff
nor1262.jpg,tariffeste,taus
nor1263.jpg,taushet,tegn
nor1264.jpg,teegne,teist
nor1265.jpg,teiste,tele
nor1266.jpg,tele=,telematikk
nor1267.jpg,telenett,tematisk
nor1268.jpg,temme,tenke
nor1269.jpg,tenkeboks,tenne
nor1270.jpg,tenner,teppe
nor1271.jpg,teppe,terpentin
nor1272.jpg,terra,tess
nor1273.jpg,tessmers,tett
nor1274.jpg,tettbebygd,thriastlager
nor1275.jpg,Thukvdid,tid
nor1276.jpg,tidagers,tidsadverb
nor1277.jpg,tidtaker,tikke
nor1278.jpg,tikk-takk,til
nor1279.jpg,tilbaake,tilbakebetale
nor1280.jpg,tilbe,tildele
nor1281.jpg,tildeling,tilfredsstille
nor1282.jpg,tlfredsstillelse,tilgrise
nor1283.jpg,tilgrodd,tillate
nor1284.jpg,tillatelig,tilløp
nor1285.jpg,tilmed,tilsi
nor1286.jpg,tilsidesette,tilsnakke
nor1287.jpg,tilsnike seg,tilsvine
nor1288.jpg,tilsyn,tiltrekning
nor1289.jpg,tiltrengt,time
nor1290.jpg,time,ting
nor1291.jpg,ting,tips
nor1292.jpg,tipser,tjadder
nor1293.jpg,tjadre,tjenestegrad
nor1294.jpg,tjenlig,to
nor1295.jpg,to.,togpersonale
nor1296.jpg,tohale,tollettersvn
nor1297.jpg,Toollvesenet,tommeskrue
nor1298.jpg,tommygun,tonkin
nor1299.jpg,tonløs,toppfart
nor1300.jpg,topplan,Torild
nor1301.jpg,Torleiv,tosset(e)
nor1302.jpg,tostavelses,trade
nor1303.jpg,tradere,trafikkpatrulje
nor1304.jpg,trafikkø,tramp
nor1305.jpg,trampbåt,transitorisk
nor1306.jpg,transitt,trapp
nor1307.jpg,trapp,traversere
nor1308.jpg,travestere,tredjedel
nor1309.jpg,tredjegir,trefoldighet
nor1310.jpg,treforedling,trekke
nor1311.jpg,trekke,trekke
nor1312.jpg,trekker,trelast
nor1313.jpg,treeleddet,trenge
nor1314.jpg,trenge,treskjærer
nor1315.jpg,tresnutet,trevle
nor1316.jpg,trevle,trille
nor1317.jpg,trillebag,trippelallianse
nor1318.jpg,trippteller,tro
nor1319.jpg,tro,trollbinde
nor1320.jpg,trolldomskunst,trompetsignal
nor1321.jpg,Troms,trosse
nor1322.jpg,trossetning,trutne
nor1323.jpg,trutt,trykke
nor1324.jpg,trykke,tryne
nor1325.jpg,trynefaktor,trå
nor1326.jpg,trå,trålfiske
nor1327.jpg,tråmaskin,tufte
nor1328.jpg,tuftekall,tumle
nor1329.jpg,tumleplass,tungeflyndre
nor1330.jpg,tingemål,tur
nor1331.jpg,tur,turnus
nor1332.jpg,turoperatør,tuste
nor1333.jpg,tusten,tvekamp
nor1334.jpg,tvende,tvil
nor1335.jpg,tvile,tvisyn
nor1336.jpg,tvitann,tykk
nor1337.jpg,tykkas,tynning
nor1338.jpg,tynningshugst,tysklærer
nor1339.jpg,tyss,tøffel
nor1340.jpg,tøffing,tørk
nor1341.jpg,tørk,tørrbatteri
nor1342.jpg,tørre,tøyelig
nor1343.jpg,tøyhus,tale
nor1344.jpg,talegrense,tarne
nor1345.jpg,tarnfalk,uatskillelig
nor1346.jpg,Havbrutt,uberegnelig
nor1347.jpg,uberettiget,ublid
nor1348.jpg,ublodig,UEFA
nor1349.jpg,neffen,uforglemmelig
nor1350.jpg,uforgripelig,ufremkommelig
nor1351.jpg,ufri,ugress
nor1352.jpg,ugrisk,uhyre
nor1353.jpg,uhvyre,ukjent
nor1354.jpg,ukjure,ulike
nor1355.jpg,nlikhet,ulykkesbil
nor1356.jpg,ulykksalig,umyndig
nor1357.jpg,umælende,underarm
nor1358.jpg,underdanig,underhanden
nor1359.jpg,uinderhandsavtale,underrette
nor1360.jpg,underselge,undertone
nor1361.jpg,undertrykk,ung
nor1362.jpg,ung=,Union Jack
nor1363.jpg,unionsoppløsningen,unnga
nor1364.jpg,uinnkomme,unødig
nor1365.jpg,unøyaktig,uoverskielig
nor1366.jpg,uoverstigelig,uralsk
nor1367.jpg,Uranos,urinm
nor1368.jpg,irinnbygger,urøkt
nor1369.jpg,urørlig,uskadd
nor1370.jpg,uskadelig,assel
nor1371.jpg,USSR,utad
nor1372.jpg,utakk,atbryte
nor1373.jpg,utbryter,atdø
nor1374.jpg,ute,utenbys
nor1375.jpg,utendørs,utepeis
nor1376.jpg,uterlig,atforme
nor1377.jpg,aitforrenn,utgyte
nor1378.jpg,utgytelser,utilsiktet
nor1379.jpg,utilslørt,utklekkingsanstalt
nor1380.jpg,utklipp,uatlevere
nor1381.jpg,utlevering,ntmale
nor1382.jpg,uitmaling,atover
nor1383.jpg,itpante,utpresset
nor1384.jpg,utprøve,utropsord
nor1385.jpg,itror,uatsende
nor1386.jpg,atsending,utskjæring
nor1387.jpg,utskrapning,uiutsmykke
nor1388.jpg,utsnakket,aitstrømning
nor1389.jpg,atstrale,uttalelse
nor1390.jpg,uttalenorm,aittømt
nor1391.jpg,uttørket,utvikle
nor1392.jpg,utvikling,atande
nor1393.jpg,uunngaelig,uvesentlig
nor1394.jpg,uvett,nuønsket
nor1395.jpg,uøvd,vaken
nor1396.jpg,vaker,vakthavende
nor1397.jpg,vaaktsom,Valletta
nor1398.jpg,valloner,vandrebibliotek
nor1399.jpg,vandrevet,vann
nor1400.jpg,vann,vannkalv
nor1401.jpg,vannkraft,vanskelig
nor1402.jpg,vanskeliggjøre,var
nor1403.jpg,var,varia
nor1404.jpg,variabel,varme
nor1405.jpg,varmeanlegg,varsle
nor1406.jpg,varsler,vaske
nor1407.jpg,vaskeartikler,ved
nor1408.jpg,ved,vederlag
nor1409.jpg,vederstyggelig,vedtekt
nor1410.jpg,vedtre,vei
nor1411.jpg,veianlegg,veifarende
nor1412.jpg,veik,vekk
nor1413.jpg,vekke,vekslepenger
nor1414.jpg,veksler,vel
nor1415.jpg,vel,velferd
nor1416.jpg,velforening,velle
nor1417.jpg,vellevnet,velsmurt
nor1418.jpg,velspekket,vemodig
nor1419.jpg,vemodsblandet,venne
nor1420.jpg,venneflokk,vente
nor1421.jpg,ventehall,verden
nor1422.jpg,verdens,verdi
nor1423.jpg,verdifull,verge
nor1424.jpg,vergeløs,verne
nor1425.jpg,vernearbeid,verst
nor1426.jpg,versus,vesikkel
nor1427.jpg,vesir,vestre
nor1428.jpg,vestromersk,vi
nor1429.jpg,via,viderebefordre
nor1430.jpg,viderverdig,vier
nor1431.jpg,Vietnam,viking
nor1432.jpg,Vikingskipshuset,vill
nor1433.jpg,villa,villig
nor1434.jpg,villkatt,vind
nor1435.jpg,vind,vindyrker
nor1436.jpg,ving,vinkling
nor1437.jpg,vinkneipe,vinter
nor1438.jpg,vinterbeite,virak
nor1439.jpg,vire,virksom
nor1440.jpg,virolog,vise
nor1441.jpg,vise,visle
nor1442.jpg,vismann,vite
nor1443.jpg,vitebegjær,vivendel
nor1444.jpg,vivisekere,voksen
nor1445.jpg,vokseperiode,volt
nor1446.jpg,Voltaire,vrak
nor1447.jpg,vrake,vri
nor1448.jpg,vribar,vulkan
nor1449.jpg,vulst,være
nor1450.jpg,være,værsønn
nor1451.jpg,værsågod,våken
nor1452.jpg,våkenatt,vårhvete
nor1453.jpg,vås,worcestersaus
nor1454.jpg,workshop,yngle
nor1455.jpg,yngling,ytelse
nor1456.jpg,ytre,ærbar
nor1457.jpg,ærbødig,æres
nor1458.jpg,æreskjelle,ødelegge
nor1459.jpg,ødeleggelse,økonomi
nor1460.jpg,økonomisk,ønske
nor1461.jpg,ønskedrøm,ørebe(i)n
nor1462.jpg,ørekyte,øst
nor1463.jpg,østa,øvelse
nor1464.jpg,øverst,øye
nor1465.jpg,øye,ågerforretning
nor1466.jpg,ågre,åndelig
nor1467.jpg,åndeløs,åpne
nor1468.jpg,åpner,århundre
nor1469.jpg,århøne,åtsel
nor1470.jpg,ått,åvirke
